-1.051926778808255358e+00,4.534250191888719028e-01,2.225807101584992981e-02,1.134192402136114941e+00,-4.596000302022887340e-01,-7.966275068156914996e-01,1.538587765687667204e-02,4.468575885739156095e-01,-1.053113664024486695e+00,1.517221519118441719e+00,-4.562136057884860763e-01,-3.646827872055649622e-02,-5.953989376095988328e-01,-3.655086039429865652e-01,-6.247935238725582652e-01,7.237364923718131102e-03,3.395395662419030680e-01,1.333437315206871254e-01,-2.130080005130506049e-01,-2.569498840137714457e-01,1.708867437874550810e-01,-2.081376939407879600e-01,-3.026934492209049754e+00,-2.625151081909689488e+00,-2.949986786411333384e+00,-2.353200358960393590e+00,-4.393026546295032975e-01,-2.426829108629807497e+00,-2.480077362851113687e+00,-2.315963869419121135e+00,-3.204250099143160835e+00,-2.769568777908922197e+00,-1.908996744478330454e+00,-1.993182366193063881e+00,3.372860928530211355e-01,-1.351821212579189802e-01,-2.106876113474660084e+00,-2.929686091585030350e-01,-2.667654870023420943e-01,-6.888321972137825266e-01,-8.437108499989802723e-01,-3.173196368006986567e+00,-6.888321972137825266e-01,-2.875522668424014938e+00,-5.911795603107068420e-01,-9.787719754599636390e-01,4.596000302022887340e-01,-4.596000302022887340e-01,1.313931160426459632e+00,-1.586864512509358116e+00,4.889914199654439853e-01
-8.930266379339958649e-02,-8.860967528914378555e-01,-1.587009896846757639e+00,1.134192402136114941e+00,-4.596000302022887340e-01,-7.966275068156914996e-01,-1.587564368465722575e+00,-8.871232519094954805e-01,-9.455158989070125419e-02,1.173295489106897627e+00,-1.459991756437409638e+00,-9.049969399310953122e-01,-2.908910563058274557e-01,-1.472910868023752151e+00,-4.233614306355246715e-01,-1.227437484107515298e+00,-7.535643575171908637e-01,-1.196856594128532958e+00,-2.468764190114898782e-01,-6.229208306641127041e-02,1.708867437874550810e-01,-2.081376939407879600e-01,-3.026934492209049754e+00,-2.625151081909689488e+00,-2.949986786411333384e+00,-2.353200358960393590e+00,-4.393026546295032975e-01,-2.426829108629807497e+00,-2.480077362851113687e+00,-2.315963869419121135e+00,-3.204250099143160835e+00,-2.769568777908922197e+00,-1.908996744478330454e+00,-1.993182366193063881e+00,3.372860928530211355e-01,-1.351821212579189802e-01,-2.106876113474660084e+00,-2.929686091585030350e-01,-2.667654870023420943e-01,-6.888321972137825266e-01,-8.437108499989802723e-01,-3.173196368006986567e+00,-6.888321972137825266e-01,-2.875522668424014938e+00,-5.911795603107068420e-01,-9.787719754599636390e-01,4.596000302022887340e-01,-4.596000302022887340e-01,1.313931160426459632e+00,-1.586864512509358116e+00,4.889914199654439853e-01
1.454162222954190620e-01,-7.966650453479905414e-01,-1.398575545880927695e+00,1.134192402136114941e+00,-4.596000302022887340e-01,-7.966275068156914996e-01,-1.398143380466541075e+00,-7.959108829066118274e-01,1.482841351193167623e-01,8.742450270219339625e-01,-1.322566825191094697e+00,-8.268011165825569497e-01,-1.882121507331119548e-01,-1.336958055358051123e+00,-3.089593580733016598e-01,-1.119379187885280569e+00,-7.036788492765130298e-01,-1.097691877580976305e+00,-2.256906283928564461e-01,-8.509032118587343818e-02,1.708867437874550810e-01,-2.081376939407879600e-01,-3.026934492209049754e+00,-2.625151081909689488e+00,-2.949986786411333384e+00,-2.353200358960393590e+00,-4.393026546295032975e-01,-2.426829108629807497e+00,-2.480077362851113687e+00,-2.315963869419121135e+00,-3.204250099143160835e+00,-2.769568777908922197e+00,-1.908996744478330454e+00,-1.993182366193063881e+00,3.372860928530211355e-01,-1.351821212579189802e-01,-2.106876113474660084e+00,-2.929686091585030350e-01,-2.667654870023420943e-01,-6.888321972137825266e-01,-8.437108499989802723e-01,-3.173196368006986567e+00,-6.888321972137825266e-01,-2.875522668424014938e+00,-5.911795603107068420e-01,-9.787719754599636390e-01,4.596000302022887340e-01,-4.596000302022887340e-01,1.313931160426459632e+00,-1.586864512509358116e+00,4.889914199654439853e-01
7.535623184167190569e-01,-6.326928244617998631e-01,-8.864946233166206557e-01,1.134192402136114941e+00,-4.596000302022887340e-01,-7.966275068156914996e-01,-8.834003838980707402e-01,-6.305884709220452855e-01,7.617638625263623009e-01,2.621759024637363572e-02,-8.501124403991224820e-01,-6.296285289422591802e-01,1.493595316939843876e-01,-8.971259965310119933e-01,6.650308772015149639e-02,-8.481198071380624537e-01,-6.229056549317324443e-01,-8.655115737424710076e-01,-1.901073108749293250e-01,-9.212460319698899391e-02,1.708867437874550810e-01,-2.081376939407879600e-01,-3.026934492209049754e+00,-2.625151081909689488e+00,-2.949986786411333384e+00,-2.353200358960393590e+00,-4.393026546295032975e-01,-2.426829108629807497e+00,-2.480077362851113687e+00,-2.315963869419121135e+00,-3.204250099143160835e+00,-2.769568777908922197e+00,-1.908996744478330454e+00,-1.993182366193063881e+00,3.372860928530211355e-01,-1.351821212579189802e-01,-2.106876113474660084e+00,-2.929686091585030350e-01,-2.667654870023420943e-01,-6.888321972137825266e-01,-8.437108499989802723e-01,-3.173196368006986567e+00,-6.888321972137825266e-01,-2.875522668424014938e+00,-5.911795603107068420e-01,-9.787719754599636390e-01,4.596000302022887340e-01,-4.596000302022887340e-01,1.313931160426459632e+00,-1.586864512509358116e+00,4.889914199654439853e-01
-3.373259757153642124e-01,5.781264821535461174e-01,-8.842039392682076171e-01,1.134192402136114941e+00,-4.596000302022887340e-01,-7.966275068156914996e-01,-8.843089384616811266e-01,5.779753606639201902e-01,-3.373873153829334282e-01,1.002843493142538067e+00,-9.735258151787236081e-01,1.593001427946367510e-01,-3.563321095941612282e-01,-6.887653317443771517e-01,-4.168135087467367828e-01,-7.634871696953799969e-01,2.487047282359327038e-01,-4.740880080481360004e-01,-2.422950523833912462e-01,-2.400038441792627097e-01,1.708867437874550810e-01,-2.081376939407879600e-01,-3.026934492209049754e+00,-2.625151081909689488e+00,-2.949986786411333384e+00,-2.353200358960393590e+00,-4.393026546295032975e-01,-2.426829108629807497e+00,-2.480077362851113687e+00,-2.315963869419121135e+00,-3.204250099143160835e+00,-2.769568777908922197e+00,-1.908996744478330454e+00,-1.993182366193063881e+00,3.372860928530211355e-01,-1.351821212579189802e-01,-2.106876113474660084e+00,-2.929686091585030350e-01,-2.667654870023420943e-01,-6.888321972137825266e-01,-8.437108499989802723e-01,-3.173196368006986567e+00,-6.888321972137825266e-01,-2.875522668424014938e+00,-5.911795603107068420e-01,-9.787719754599636390e-01,4.596000302022887340e-01,-4.596000302022887340e-01,1.313931160426459632e+00,-1.586864512509358116e+00,4.889914199654439853e-01
1.675211226453367175e+00,-7.364201847461032679e-01,-1.477280867445589063e+00,1.134192402136114941e+00,-4.596000302022887340e-01,-7.966275068156914996e-01,-1.478684159172627188e+00,-7.389031537982895248e-01,1.656421797966643128e+00,-8.349736370676523745e-01,-1.308574483894119345e+00,-6.358257700654820210e-01,7.904770863742156539e-01,-1.252723838551838886e+00,6.709097413747948657e-01,-1.185644914126440241e+00,-7.101234862927838787e-01,-1.149403436728269279e+00,-2.405168963787091552e-01,4.454393005852149562e-02,1.708867437874550810e-01,-2.081376939407879600e-01,-3.026934492209049754e+00,-2.625151081909689488e+00,-2.949986786411333384e+00,-2.353200358960393590e+00,-4.393026546295032975e-01,-2.426829108629807497e+00,-2.480077362851113687e+00,-2.315963869419121135e+00,-3.204250099143160835e+00,-2.769568777908922197e+00,-1.908996744478330454e+00,-1.993182366193063881e+00,3.372860928530211355e-01,-1.351821212579189802e-01,-2.106876113474660084e+00,-2.929686091585030350e-01,-2.667654870023420943e-01,-6.888321972137825266e-01,-8.437108499989802723e-01,-3.173196368006986567e+00,-6.888321972137825266e-01,-2.875522668424014938e+00,-5.911795603107068420e-01,-9.787719754599636390e-01,4.596000302022887340e-01,-4.596000302022887340e-01,1.313931160426459632e+00,-1.586864512509358116e+00,4.889914199654439853e-01
6.222609167510457784e-01,4.070682351250744235e-02,-8.680806020597029438e-01,1.134192402136114941e+00,-4.596000302022887340e-01,-7.966275068156914996e-01,-8.632747945236710629e-01,4.780349088958030235e-02,6.339555861037815543e-01,5.746274253625171385e-02,-8.380595733678052328e-01,-3.827456295774907952e-02,9.359010687903017434e-02,-6.603900349526277136e-01,3.270677862343961823e-02,-8.242547076634586523e-01,-2.208783572905976544e-01,-6.962519999475069721e-01,-2.314749211004104301e-01,-1.943990524850245372e-01,1.708867437874550810e-01,-2.081376939407879600e-01,-3.026934492209049754e+00,-2.625151081909689488e+00,-2.949986786411333384e+00,-2.353200358960393590e+00,-4.393026546295032975e-01,-2.426829108629807497e+00,-2.480077362851113687e+00,-2.315963869419121135e+00,-3.204250099143160835e+00,-2.769568777908922197e+00,-1.908996744478330454e+00,-1.993182366193063881e+00,3.372860928530211355e-01,-1.351821212579189802e-01,-2.106876113474660084e+00,-2.929686091585030350e-01,-2.667654870023420943e-01,-6.888321972137825266e-01,-8.437108499989802723e-01,-3.173196368006986567e+00,-6.888321972137825266e-01,-2.875522668424014938e+00,-5.911795603107068420e-01,-9.787719754599636390e-01,4.596000302022887340e-01,-4.596000302022887340e-01,-7.610748798098619927e-01,-1.586864512509358116e+00,4.889914199654439853e-01
-3.541840934093401505e-01,-3.885027535333669402e-01,-7.896454984452399017e-01,1.134192402136114941e+00,-4.596000302022887340e-01,-7.966275068156914996e-01,-7.861566232475656335e-01,-3.854552406153960997e-01,-3.501681432180772102e-01,1.183332468511648194e+00,-9.260648447383302839e-01,-5.547155515519548441e-01,-3.711184325283349850e-01,-9.268287491547587686e-01,-4.532250053244767929e-01,-7.108299200011428676e-01,-4.102767134854087838e-01,-6.832742841331084227e-01,-2.077594664601615515e-01,-2.088629339834771892e-01,1.708867437874550810e-01,-2.081376939407879600e-01,-3.026934492209049754e+00,-2.625151081909689488e+00,-2.949986786411333384e+00,-2.353200358960393590e+00,-4.393026546295032975e-01,-2.426829108629807497e+00,-2.480077362851113687e+00,-2.315963869419121135e+00,-3.204250099143160835e+00,-2.769568777908922197e+00,-1.908996744478330454e+00,-1.993182366193063881e+00,3.372860928530211355e-01,-1.351821212579189802e-01,-2.106876113474660084e+00,-2.929686091585030350e-01,-2.667654870023420943e-01,-6.888321972137825266e-01,-8.437108499989802723e-01,-3.173196368006986567e+00,-6.888321972137825266e-01,-2.875522668424014938e+00,-5.911795603107068420e-01,-9.787719754599636390e-01,4.596000302022887340e-01,-4.596000302022887340e-01,-7.610748798098619927e-01,-1.586864512509358116e+00,4.889914199654439853e-01
-1.155479463528648498e+00,1.676145791015180020e-01,-4.194697331692662789e-01,1.134192402136114941e+00,-4.596000302022887340e-01,-7.966275068156914996e-01,-4.195401256795820988e-01,1.675197183727046291e-01,-1.155360285258994146e+00,1.838296663035254630e+00,-7.707798361273296983e-01,-2.657065331024721089e-01,-6.286947543643015557e-01,-6.960317307143788490e-01,-6.880284814691026707e-01,-3.364239904575778706e-01,1.060552246638576807e-01,-2.102347441242337356e-01,-2.181112291543146897e-01,-2.584481937722212797e-01,1.708867437874550810e-01,-2.081376939407879600e-01,-3.026934492209049754e+00,-2.625151081909689488e+00,-2.949986786411333384e+00,-2.353200358960393590e+00,-4.393026546295032975e-01,-2.426829108629807497e+00,-2.480077362851113687e+00,-2.315963869419121135e+00,-3.204250099143160835e+00,-2.769568777908922197e+00,-1.908996744478330454e+00,-1.993182366193063881e+00,3.372860928530211355e-01,-1.351821212579189802e-01,-2.106876113474660084e+00,-2.929686091585030350e-01,-2.667654870023420943e-01,-6.888321972137825266e-01,-8.437108499989802723e-01,-3.173196368006986567e+00,-6.888321972137825266e-01,-2.875522668424014938e+00,-5.911795603107068420e-01,-9.787719754599636390e-01,4.596000302022887340e-01,-4.596000302022887340e-01,-7.610748798098619927e-01,-1.586864512509358116e+00,4.889914199654439853e-01
-1.206614056532051338e+00,6.066342537050551931e-01,-4.267628925101655257e-01,1.134192402136114941e+00,-4.596000302022887340e-01,-7.966275068156914996e-01,-4.268338296747182237e-01,6.064792252180815080e-01,-1.206483595635140738e+00,1.820596043342902925e+00,-7.729818381917286096e-01,1.188363855892749996e-02,-6.427874716562681501e-01,-5.909598584224403650e-01,-6.924396145221433096e-01,-3.227908814527286063e-01,4.737646036948608974e-01,-6.151814711682292852e-02,-2.299742897230632188e-01,-2.614276691315454704e-01,1.708867437874550810e-01,-2.081376939407879600e-01,-3.026934492209049754e+00,-2.625151081909689488e+00,-2.949986786411333384e+00,-2.353200358960393590e+00,-4.393026546295032975e-01,-2.426829108629807497e+00,-2.480077362851113687e+00,-2.315963869419121135e+00,-3.204250099143160835e+00,-2.769568777908922197e+00,-1.908996744478330454e+00,-1.993182366193063881e+00,3.372860928530211355e-01,-1.351821212579189802e-01,-2.106876113474660084e+00,-2.929686091585030350e-01,-2.667654870023420943e-01,-6.888321972137825266e-01,-8.437108499989802723e-01,-3.173196368006986567e+00,-6.888321972137825266e-01,-2.875522668424014938e+00,-5.911795603107068420e-01,-9.787719754599636390e-01,4.596000302022887340e-01,-4.596000302022887340e-01,-7.610748798098619927e-01,-1.586864512509358116e+00,4.889914199654439853e-01
5.460164936566928029e-01,-1.633249376892859928e-01,-3.173694568057040533e-01,1.134192402136114941e+00,-4.596000302022887340e-01,-7.966275068156914996e-01,-3.092181272243667567e-01,-1.574243302560276170e-01,5.572706200573471769e-01,1.085249489750384801e-02,-3.627839635697036047e-01,-2.088621975512736650e-01,7.168055234016948440e-02,-3.598344869610651253e-01,3.836881662407975319e-02,-4.937644040520366984e-01,-3.253962884576592218e-01,-4.898508707643466353e-01,-1.974674707834939702e-01,-1.830576071994649556e-01,1.708867437874550810e-01,-2.081376939407879600e-01,-3.026934492209049754e+00,-2.625151081909689488e+00,-2.949986786411333384e+00,-2.353200358960393590e+00,-4.393026546295032975e-01,-2.426829108629807497e+00,-2.480077362851113687e+00,-2.315963869419121135e+00,-3.204250099143160835e+00,-2.769568777908922197e+00,-1.908996744478330454e+00,-1.993182366193063881e+00,3.372860928530211355e-01,-1.351821212579189802e-01,-2.106876113474660084e+00,-2.929686091585030350e-01,-2.667654870023420943e-01,-6.888321972137825266e-01,-8.437108499989802723e-01,-3.173196368006986567e+00,-6.888321972137825266e-01,-2.875522668424014938e+00,-5.911795603107068420e-01,-9.787719754599636390e-01,4.596000302022887340e-01,-4.596000302022887340e-01,-7.610748798098619927e-01,-1.586864512509358116e+00,4.889914199654439853e-01
-8.103209609365499277e-01,-3.398237460106906527e-01,-5.322242209730221330e-01,1.134192402136114941e+00,-4.596000302022887340e-01,-7.966275068156914996e-01,-5.323030110113945446e-01,-3.398490621878746398e-01,-8.102779385322542716e-01,1.579175870790942460e+00,-8.080485795560146123e-01,-5.607315973372508644e-01,-5.258653253881165890e-01,-8.382190652241069406e-01,-5.988573967235336637e-01,-4.830814806831444375e-01,-3.323794401514351127e-01,-4.845375317438256890e-01,-1.957445230175052231e-01,-2.360657060283928022e-01,1.708867437874550810e-01,-2.081376939407879600e-01,-3.026934492209049754e+00,-2.625151081909689488e+00,-2.949986786411333384e+00,-2.353200358960393590e+00,-4.393026546295032975e-01,-2.426829108629807497e+00,-2.480077362851113687e+00,-2.315963869419121135e+00,-3.204250099143160835e+00,-2.769568777908922197e+00,-1.908996744478330454e+00,-1.993182366193063881e+00,3.372860928530211355e-01,-1.351821212579189802e-01,-2.106876113474660084e+00,-2.929686091585030350e-01,-2.667654870023420943e-01,-6.888321972137825266e-01,-8.437108499989802723e-01,-3.173196368006986567e+00,-6.888321972137825266e-01,-2.875522668424014938e+00,-5.911795603107068420e-01,-9.787719754599636390e-01,4.596000302022887340e-01,-4.596000302022887340e-01,1.313931160426459632e+00,-1.586864512509358116e+00,4.889914199654439853e-01
-1.295945883062549653e+00,-8.752099691275250226e-01,-7.280684300719306723e-01,1.134192402136114941e+00,-4.596000302022887340e-01,-7.966275068156914996e-01,-7.300783840561010374e-01,-8.757217012286945268e-01,-1.295949389034504406e+00,2.254832554454173188e+00,-9.917261485231237961e-01,-9.289292340658189540e-01,-6.691540123915287186e-01,-1.121348644450646637e+00,-7.670292631632655844e-01,-5.798180429654228307e-01,-7.054298858668730521e-01,-6.970722744691212336e-01,-9.765476333312933521e-02,-2.537530594458310973e-01,1.708867437874550810e-01,-2.081376939407879600e-01,-3.026934492209049754e+00,-2.625151081909689488e+00,-2.949986786411333384e+00,-2.353200358960393590e+00,-4.393026546295032975e-01,-2.426829108629807497e+00,-2.480077362851113687e+00,-2.315963869419121135e+00,-3.204250099143160835e+00,-2.769568777908922197e+00,-1.908996744478330454e+00,-1.993182366193063881e+00,3.372860928530211355e-01,-1.351821212579189802e-01,-2.106876113474660084e+00,-2.929686091585030350e-01,-2.667654870023420943e-01,-6.888321972137825266e-01,-8.437108499989802723e-01,-3.173196368006986567e+00,-6.888321972137825266e-01,-2.875522668424014938e+00,-5.911795603107068420e-01,-9.787719754599636390e-01,4.596000302022887340e-01,-4.596000302022887340e-01,1.313931160426459632e+00,-1.586864512509358116e+00,4.889914199654439853e-01
1.581188948446431874e+00,-3.601085586036332220e-01,-8.331247456407649965e-01,1.134192402136114941e+00,-4.596000302022887340e-01,-7.966275068156914996e-01,-8.298130354455528490e-01,-3.569513760612348929e-01,1.592517659755352311e+00,-9.558812198006914063e-01,-5.977965067470093485e-01,-1.856008822206615116e-01,8.105090449707873512e-01,-5.319489733043695212e-01,7.565798043036622289e-01,-8.600357365878924520e-01,-5.082150668054437048e-01,-8.311505470738697055e-01,-2.124725372867113937e-01,-1.072178331909278137e-01,1.708867437874550810e-01,-2.081376939407879600e-01,-3.026934492209049754e+00,-2.625151081909689488e+00,-2.949986786411333384e+00,-2.353200358960393590e+00,-4.393026546295032975e-01,-2.426829108629807497e+00,-2.480077362851113687e+00,-2.315963869419121135e+00,-3.204250099143160835e+00,-2.769568777908922197e+00,-1.908996744478330454e+00,-1.993182366193063881e+00,3.372860928530211355e-01,-1.351821212579189802e-01,-2.106876113474660084e+00,-2.929686091585030350e-01,-2.667654870023420943e-01,-6.888321972137825266e-01,-8.437108499989802723e-01,-3.173196368006986567e+00,-6.888321972137825266e-01,-2.875522668424014938e+00,-5.911795603107068420e-01,-9.787719754599636390e-01,4.596000302022887340e-01,-4.596000302022887340e-01,-7.610748798098619927e-01,-1.586864512509358116e+00,4.889914199654439853e-01
-1.168263111719209046e+00,-8.187542995713901206e-01,-5.261148307492794496e-01,1.134192402136114941e+00,-4.596000302022887340e-01,-7.966275068156914996e-01,-5.261931642793699071e-01,-8.187139781942929240e-01,-1.168141112611923660e+00,2.056268138991248939e+00,-8.578063049689189645e-01,-8.894409009576531577e-01,-6.341799964857404159e-01,-1.002984151623856013e+00,-7.214869097776952511e-01,-4.402873231789627972e-01,-6.652357833721413982e-01,-5.781534148084421787e-01,-9.639017302361710393e-02,-2.395513493612962952e-01,1.708867437874550810e-01,-2.081376939407879600e-01,-3.026934492209049754e+00,-2.625151081909689488e+00,-2.949986786411333384e+00,-2.353200358960393590e+00,-4.393026546295032975e-01,-2.426829108629807497e+00,-2.480077362851113687e+00,-2.315963869419121135e+00,-3.204250099143160835e+00,-2.769568777908922197e+00,-1.908996744478330454e+00,-1.993182366193063881e+00,3.372860928530211355e-01,-1.351821212579189802e-01,-2.106876113474660084e+00,-2.929686091585030350e-01,-2.667654870023420943e-01,-6.888321972137825266e-01,-8.437108499989802723e-01,-3.173196368006986567e+00,-6.888321972137825266e-01,-2.875522668424014938e+00,-5.911795603107068420e-01,-9.787719754599636390e-01,4.596000302022887340e-01,-4.596000302022887340e-01,-7.610748798098619927e-01,-1.586864512509358116e+00,4.889914199654439853e-01
-8.114436765773883620e-01,-5.918187873221381068e-01,9.139184436950450463e-01,1.134192402136114941e+00,-4.596000302022887340e-01,-7.966275068156914996e-01,9.191481357233868277e-01,-5.906830617610038248e-01,-8.102779385322542716e-01,1.199214631099836392e+00,2.053758899273347149e-01,-6.992753512025764451e-01,-5.147313294526814076e-01,-1.107310545015185443e-01,-5.214135598698125262e-01,6.279497451845884592e-01,-4.902279215818133862e-01,2.822647651679254244e-01,-3.937290455637940806e-02,-2.230083754306037280e-01,1.708867437874550810e-01,-2.081376939407879600e-01,-3.026934492209049754e+00,-2.625151081909689488e+00,-2.949986786411333384e+00,-2.353200358960393590e+00,-4.393026546295032975e-01,-2.426829108629807497e+00,-2.480077362851113687e+00,-2.315963869419121135e+00,-3.204250099143160835e+00,-2.769568777908922197e+00,-1.908996744478330454e+00,-1.993182366193063881e+00,3.372860928530211355e-01,-1.351821212579189802e-01,-2.106876113474660084e+00,-2.929686091585030350e-01,-2.667654870023420943e-01,-6.888321972137825266e-01,-8.437108499989802723e-01,-3.173196368006986567e+00,-6.888321972137825266e-01,-2.875522668424014938e+00,-5.911795603107068420e-01,-9.787719754599636390e-01,4.596000302022887340e-01,-4.596000302022887340e-01,-7.610748798098619927e-01,-1.586864512509358116e+00,4.889914199654439853e-01
3.436402648110518654e-01,-6.981075854852659690e-01,-4.455951589055466289e-01,1.134192402136114941e+00,-4.596000302022887340e-01,-7.966275068156914996e-01,-4.481490676391609029e-01,-6.989977446372479530e-01,3.399965502354025948e-01,3.306881727860939146e-01,-5.512416204787426999e-01,-7.160747785630103834e-01,-5.988475865665282560e-02,-7.001155373468469501e-01,-1.233727311952305949e-01,-5.596161019367585920e-01,-6.420961459755734069e-01,-6.581794102693923065e-01,-1.322658973643885127e-01,-1.055128022895323314e-01,1.708867437874550810e-01,-2.081376939407879600e-01,-3.026934492209049754e+00,-2.625151081909689488e+00,-2.949986786411333384e+00,-2.353200358960393590e+00,-4.393026546295032975e-01,-2.426829108629807497e+00,-2.480077362851113687e+00,-2.315963869419121135e+00,-3.204250099143160835e+00,-2.769568777908922197e+00,-1.908996744478330454e+00,-1.993182366193063881e+00,3.372860928530211355e-01,-1.351821212579189802e-01,-2.106876113474660084e+00,-2.929686091585030350e-01,-2.667654870023420943e-01,-6.888321972137825266e-01,-8.437108499989802723e-01,-3.173196368006986567e+00,-6.888321972137825266e-01,-2.875522668424014938e+00,-5.911795603107068420e-01,-9.787719754599636390e-01,4.596000302022887340e-01,-4.596000302022887340e-01,-7.610748798098619927e-01,-1.586864512509358116e+00,4.889914199654439853e-01
-7.451474114716962749e-01,-3.896066546336107161e-01,3.806766198085111963e-01,1.134192402136114941e+00,-4.596000302022887340e-01,-7.966275068156914996e-01,3.765315716838756321e-01,-3.911560159557964100e-01,-7.463738003209637872e-01,1.229239185654306787e+00,-1.625317383557412232e-01,-5.630747558453061963e-01,-4.959519771424116263e-01,-3.417929074523822219e-01,-5.238436368409072896e-01,1.916889621331835936e-01,-3.531386655399971763e-01,9.475636016174989254e-03,-1.329804537946500387e-01,-2.305297389252376483e-01,1.708867437874550810e-01,-2.081376939407879600e-01,-3.026934492209049754e+00,-2.625151081909689488e+00,-2.949986786411333384e+00,-2.353200358960393590e+00,-4.393026546295032975e-01,-2.426829108629807497e+00,-2.480077362851113687e+00,-2.315963869419121135e+00,-3.204250099143160835e+00,-2.769568777908922197e+00,-1.908996744478330454e+00,-1.993182366193063881e+00,3.372860928530211355e-01,-1.351821212579189802e-01,-2.106876113474660084e+00,-2.929686091585030350e-01,-2.667654870023420943e-01,-6.888321972137825266e-01,-8.437108499989802723e-01,-3.173196368006986567e+00,-6.888321972137825266e-01,-2.875522668424014938e+00,-5.911795603107068420e-01,-9.787719754599636390e-01,4.596000302022887340e-01,-4.596000302022887340e-01,-7.610748798098619927e-01,-1.586864512509358116e+00,4.889914199654439853e-01
-1.308755149720347788e+00,-6.352648020372939630e-01,-5.988195313939100872e-01,1.134192402136114941e+00,-4.596000302022887340e-01,-7.966275068156914996e-01,-6.010783767155369883e-01,-6.362892462624457623e-01,-1.308730216869648411e+00,2.188375413656946655e+00,-9.135184232766254686e-01,-7.855623435447758318e-01,-6.723179539342999389e-01,-1.005952219653496682e+00,-7.596421541133937527e-01,-4.731192700721853495e-01,-5.170181628992166489e-01,-5.467127098917758943e-01,-1.627001004158265263e-01,-2.601984509447469729e-01,1.708867437874550810e-01,-2.081376939407879600e-01,-3.026934492209049754e+00,-2.625151081909689488e+00,-2.949986786411333384e+00,-2.353200358960393590e+00,-4.393026546295032975e-01,-2.426829108629807497e+00,-2.480077362851113687e+00,-2.315963869419121135e+00,-3.204250099143160835e+00,-2.769568777908922197e+00,-1.908996744478330454e+00,-1.993182366193063881e+00,3.372860928530211355e-01,-1.351821212579189802e-01,-2.106876113474660084e+00,-2.929686091585030350e-01,-2.667654870023420943e-01,-6.888321972137825266e-01,-8.437108499989802723e-01,-3.173196368006986567e+00,-6.888321972137825266e-01,-2.875522668424014938e+00,-5.911795603107068420e-01,-9.787719754599636390e-01,4.596000302022887340e-01,-4.596000302022887340e-01,-7.610748798098619927e-01,-1.586864512509358116e+00,4.889914199654439853e-01
8.643369595028611574e-01,-1.573740123333592922e-01,-4.445868164042213189e-01,1.134192402136114941e+00,-4.596000302022887340e-01,-7.966275068156914996e-01,-4.446590791857369940e-01,-1.574243302560276170e-01,8.640104837608701960e-01,-3.297483272749341943e-01,-3.888277838947646892e-01,-1.344183688188309578e-01,2.668844154648423728e-01,-3.512664890300423726e-01,2.330567517883986861e-01,-5.992778613040852242e-01,-3.482760623951282053e-01,-5.769454099646241785e-01,-2.040995443862509973e-01,-1.699629699700675733e-01,1.708867437874550810e-01,-2.081376939407879600e-01,-3.026934492209049754e+00,-2.625151081909689488e+00,-2.949986786411333384e+00,-2.353200358960393590e+00,-4.393026546295032975e-01,-2.426829108629807497e+00,-2.480077362851113687e+00,-2.315963869419121135e+00,-3.204250099143160835e+00,-2.769568777908922197e+00,-1.908996744478330454e+00,-1.993182366193063881e+00,3.372860928530211355e-01,-1.351821212579189802e-01,-2.106876113474660084e+00,-2.929686091585030350e-01,-2.667654870023420943e-01,-6.888321972137825266e-01,-8.437108499989802723e-01,-3.173196368006986567e+00,-6.888321972137825266e-01,-2.875522668424014938e+00,-5.911795603107068420e-01,-9.787719754599636390e-01,4.596000302022887340e-01,-4.596000302022887340e-01,-7.610748798098619927e-01,-1.586864512509358116e+00,4.889914199654439853e-01
7.706415456938273678e-01,-9.605146291181215767e-01,-2.479232082799479875e-01,1.134192402136114941e+00,-4.596000302022887340e-01,-7.966275068156914996e-01,-2.537347155082239070e-01,-9.612332948911779251e-01,7.617638625263623009e-01,-1.626417811628088628e-01,-2.660597221801394574e-01,-9.138265744125094736e-01,1.869708740344470932e-01,-5.564624900236074811e-01,1.349501979280975372e-01,-4.880789414109568125e-01,-8.070832790241296850e-01,-6.671543549491339986e-01,9.618709331276822927e-02,2.035390909325094366e-01,1.708867437874550810e-01,-2.081376939407879600e-01,-3.026934492209049754e+00,-2.625151081909689488e+00,-2.949986786411333384e+00,-2.353200358960393590e+00,-4.393026546295032975e-01,-2.426829108629807497e+00,-2.480077362851113687e+00,-2.315963869419121135e+00,-3.204250099143160835e+00,-2.769568777908922197e+00,-1.908996744478330454e+00,-1.993182366193063881e+00,3.372860928530211355e-01,-1.351821212579189802e-01,-2.106876113474660084e+00,-2.929686091585030350e-01,-2.667654870023420943e-01,-6.888321972137825266e-01,-8.437108499989802723e-01,-3.173196368006986567e+00,-6.888321972137825266e-01,-2.875522668424014938e+00,-5.911795603107068420e-01,-9.787719754599636390e-01,4.596000302022887340e-01,-4.596000302022887340e-01,-7.610748798098619927e-01,-1.586864512509358116e+00,4.889914199654439853e-01
1.372074600653999665e+00,-1.086175584151785500e+00,-1.449226963719440597e+00,1.134192402136114941e+00,-4.596000302022887340e-01,-7.966275068156914996e-01,-1.451270660310322480e+00,-1.086650297714703006e+00,1.349681934263120109e+00,-4.577694258072405598e-01,-1.303597256118190773e+00,-1.024746749305186944e+00,5.125283629617266579e-01,-1.398478285057761061e+00,3.815086827853508278e-01,-1.168788646530440900e+00,-8.833274037687068869e-01,-1.202141994240993439e+00,-9.696392232857910243e-02,1.429356005733545043e+00,1.708867437874550810e-01,-2.081376939407879600e-01,-3.026934492209049754e+00,-2.625151081909689488e+00,-2.949986786411333384e+00,-2.353200358960393590e+00,-4.393026546295032975e-01,-2.426829108629807497e+00,-2.480077362851113687e+00,-2.315963869419121135e+00,-3.204250099143160835e+00,-2.769568777908922197e+00,-1.908996744478330454e+00,-1.993182366193063881e+00,3.372860928530211355e-01,-1.351821212579189802e-01,-2.106876113474660084e+00,-2.929686091585030350e-01,-2.667654870023420943e-01,-6.888321972137825266e-01,-8.437108499989802723e-01,-3.173196368006986567e+00,-6.888321972137825266e-01,-2.875522668424014938e+00,-5.911795603107068420e-01,-9.787719754599636390e-01,4.596000302022887340e-01,-4.596000302022887340e-01,-7.610748798098619927e-01,-1.586864512509358116e+00,4.889914199654439853e-01
