name,_rxn_organic-inchikey,_rxn_M_acid,_rxn_M_inorganic,_rxn_M_organic,_solv_GBL,_solv_DMSO,_solv_DMF,_stoich_mmol_org,_stoich_mmol_inorg,_stoich_mmol_acid,_stoich_mmol_solv,_stoich_org/solv,_stoich_inorg/solv,_stoich_acid/solv,_stoich_org+inorg/solv,_stoich_org+inorg+acid/solv,_stoich_org/liq,_stoich_inorg/liq,_stoich_org+inorg/liq,_stoich_org/inorg,_stoich_acid/inorg,_rxn_temperature_c,_rxn_reactiontime_s,_feat_organic_0_avgpol_std,_feat_organic_0_refractivity_std,_feat_organic_0_maximalprojectionarea_std,_feat_organic_0_maximalprojectionradius_std,_feat_organic_0_maximalprojectionsize_std,_feat_organic_0_minimalprojectionarea_std,_feat_organic_0_minimalprojectionradius_std,_feat_organic_0_minimalprojectionsize_std,_feat_organic_0_molpol_std,_feat_organic_0_asavdwp_std,_feat_organic_0_asa_std,_feat_organic_0_asah_std,_feat_organic_0_asap_std,_feat_organic_0_asa-_std,_feat_organic_0_asa+_std,_feat_organic_0_protpsa_std,_feat_organic_0_hacceptorcount_std,_feat_organic_0_hdonorcount_std,_feat_organic_0_rotatablebondcount_std,_feat_organic_0_organoammoniummolecularweight_std,_feat_organic_0_atomcount_n_std,_feat_organic_0_bondcount_std,_feat_organic_0_chainatomcount_std,_feat_organic_0_ringatomcount_std,_raw_modelname,_feat_primaryAmine,_feat_secondaryAmine,_rxn_plateEdgeQ,_feat_maxproj_per_N,_raw_RelativeHumidity,_out_crystalscore
2019-06-10T21_14_00.866379+00_00_LBL_A1,JMXLWMIFDJCGBV-UHFFFAOYSA-N,7.898327178,0.6605901270000001,0.892413572,0,0,1,0.446206786,0.33029506399999997,3.949163589,3.724355355,0.11980779,0.08868516300000001,1.06036165,0.20849295399999998,1.2688546040000002,0.058148912999999997,0.043043494,0.101192407,1.350933863,11.95647173,105,12600,6.09,26.11,22.94,3.3,5.05,16.67,2.61,6.54,5.88,116.23,228.53,197.63,30.9,69.52,159.01,16.61,0,1,0,46.092,1,10,3,0,escalate_MathematicaUniformRandom_1,0,1,1,22.94,62.9978022,3
2019-06-10T21_14_00.866379+00_00_LBL_C1,JMXLWMIFDJCGBV-UHFFFAOYSA-N,0.106017814,0.67193073,1.084775169,0,0,1,0.542387584,0.335965365,0.053008907,5.5117631529999995,0.098405459,0.060954246,0.009617414,0.159359705,0.16897711899999998,0.097468068,0.060373607999999995,0.157841676,1.614415177,0.157780869,105,12600,6.09,26.11,22.94,3.3,5.05,16.67,2.61,6.54,5.88,116.23,228.53,197.63,30.9,69.52,159.01,16.61,0,1,0,46.092,1,10,3,0,escalate_MathematicaUniformRandom_1,0,1,1,22.94,62.9978022,1
2019-06-10T21_14_00.866379+00_00_LBL_E1,JMXLWMIFDJCGBV-UHFFFAOYSA-N,3.2931385260000003,0.056816649000000004,1.21052423,0,0,1,0.604051591,0.028351507999999997,1.643276124,4.953714747,0.121939115,0.005723282,0.33172603,0.12766239699999998,0.459388426,0.091564715,0.004297642,0.09586235800000001,21.30580142,57.960802199999996,105,12600,6.09,26.11,22.94,3.3,5.05,16.67,2.61,6.54,5.88,116.23,228.53,197.63,30.9,69.52,159.01,16.61,0,1,0,46.092,1,10,3,0,escalate_MathematicaUniformRandom_1,0,1,1,22.94,62.9978022,1
2019-06-10T21_14_00.866379+00_00_LBL_G1,JMXLWMIFDJCGBV-UHFFFAOYSA-N,0.7951336090000001,1.1340603040000001,1.41824125,0,0,1,0.709120625,0.5670301520000001,0.397566804,4.937778829,0.143611257,0.114835065,0.080515312,0.258446322,0.338961634,0.13290996900000002,0.106278054,0.23918802399999997,1.250587156,0.701138736,105,12600,6.09,26.11,22.94,3.3,5.05,16.67,2.61,6.54,5.88,116.23,228.53,197.63,30.9,69.52,159.01,16.61,0,1,0,46.092,1,10,3,0,escalate_MathematicaUniformRandom_1,0,1,1,22.94,62.9978022,1
2019-06-10T21_14_00.866379+00_00_LBL_B1,JMXLWMIFDJCGBV-UHFFFAOYSA-N,6.626113404,0.493316232,0.857650018,0,0,1,0.428825009,0.246658116,3.313056702,4.134174452,0.10372687800000001,0.059663209,0.801382898,0.163390087,0.964772985,0.057581805,0.033120782,0.090702586,1.738540032,13.43177656,105,12600,6.09,26.11,22.94,3.3,5.05,16.67,2.61,6.54,5.88,116.23,228.53,197.63,30.9,69.52,159.01,16.61,0,1,0,46.092,1,10,3,0,escalate_MathematicaUniformRandom_1,0,1,1,22.94,62.9978022,3
2019-06-10T21_14_00.866379+00_00_LBL_D1,JMXLWMIFDJCGBV-UHFFFAOYSA-N,4.081685857,0.394085956,0.8417891040000001,0,0,1,0.42089455200000003,0.197042978,2.040842929,4.810682911000001,0.08749164300000001,0.040959461,0.42423143799999996,0.128451104,0.552682542,0.061430776,0.028758992,0.090189769,2.136054564,10.3573492,105,12600,6.09,26.11,22.94,3.3,5.05,16.67,2.61,6.54,5.88,116.23,228.53,197.63,30.9,69.52,159.01,16.61,0,1,0,46.092,1,10,3,0,escalate_MathematicaUniformRandom_1,0,1,1,22.94,62.9978022,4
2019-06-10T21_14_00.866379+00_00_LBL_F1,JMXLWMIFDJCGBV-UHFFFAOYSA-N,6.904967876000001,0.193176605,0.9283510759999999,0,0,1,0.463247187,0.096395126,3.44557897,4.164177767,0.11124577599999999,0.023148658,0.827433208,0.134394434,0.961827642,0.060875427,0.012667307,0.073542734,4.80571173,35.74432773,105,12600,6.09,26.11,22.94,3.3,5.05,16.67,2.61,6.54,5.88,116.23,228.53,197.63,30.9,69.52,159.01,16.61,0,1,0,46.092,1,10,3,0,escalate_MathematicaUniformRandom_1,0,1,1,22.94,62.9978022,3
2019-06-10T21_14_00.866379+00_00_LBL_H1,JMXLWMIFDJCGBV-UHFFFAOYSA-N,1.961329568,0.771161007,1.462382158,0,0,1,0.731191079,0.38558050299999996,0.980664784,4.804842971,0.15217793400000001,0.080248305,0.204099237,0.23242623899999998,0.436525476,0.126383216,0.066645923,0.193029139,1.896338307,2.543346396,105,12600,6.09,26.11,22.94,3.3,5.05,16.67,2.61,6.54,5.88,116.23,228.53,197.63,30.9,69.52,159.01,16.61,0,1,0,46.092,1,10,3,0,escalate_MathematicaUniformRandom_1,0,1,1,22.94,62.9978022,1
2019-06-10T21_14_00.866379+00_00_LBL_A2,JMXLWMIFDJCGBV-UHFFFAOYSA-N,0.7951336090000001,0.535843494,1.454896314,0,0,1,0.727448157,0.267921747,0.397566804,5.206762887,0.139712173,0.05145649099999999,0.07635585,0.191168664,0.267524513,0.1298011,0.047806207,0.177607307,2.71515159,1.483891505,105,12600,6.09,26.11,22.94,3.3,5.05,16.67,2.61,6.54,5.88,116.23,228.53,197.63,30.9,69.52,159.01,16.61,0,1,0,46.092,1,10,3,0,escalate_MathematicaUniformRandom_1,0,1,1,22.94,62.9978022,1
2019-06-10T21_14_00.866379+00_00_LBL_C2,JMXLWMIFDJCGBV-UHFFFAOYSA-N,6.002010539,0.289764907,1.188154658,0,0,1,0.592889174,0.144592689,2.9950032589999998,4.19500492,0.141332176,0.034467823,0.713945112,0.1758,0.8897451120000001,0.082460153,0.020110226000000002,0.102570379,4.100409082,20.71337966,105,12600,6.09,26.11,22.94,3.3,5.05,16.67,2.61,6.54,5.88,116.23,228.53,197.63,30.9,69.52,159.01,16.61,0,1,0,46.092,1,10,3,0,escalate_MathematicaUniformRandom_1,0,1,0,22.94,62.9978022,3
2019-06-10T21_14_00.866379+00_00_LBL_E2,JMXLWMIFDJCGBV-UHFFFAOYSA-N,9.720070164,0.19885827,0.49065828200000006,0,0,1,0.244838483,0.09923027699999999,4.850315012,3.71644716,0.06587971599999999,0.026700306,1.305094571,0.092580022,1.397674593,0.028580049,0.011583172,0.040163221,2.467376805,48.87938619,105,12600,6.09,26.11,22.94,3.3,5.05,16.67,2.61,6.54,5.88,116.23,228.53,197.63,30.9,69.52,159.01,16.61,0,1,0,46.092,1,10,3,0,escalate_MathematicaUniformRandom_1,0,1,0,22.94,62.9978022,3
2019-06-10T21_14_00.866379+00_00_LBL_G2,JMXLWMIFDJCGBV-UHFFFAOYSA-N,1.007169237,0.8250288709999999,1.3168379620000001,0,0,1,0.6584189810000001,0.41251443600000004,0.503584619,5.091041225,0.129328943,0.08102751799999999,0.09891584,0.21035646100000002,0.309272301,0.11768776,0.07373405200000001,0.191421812,1.59611137,1.220768476,105,12600,6.09,26.11,22.94,3.3,5.05,16.67,2.61,6.54,5.88,116.23,228.53,197.63,30.9,69.52,159.01,16.61,0,1,0,46.092,1,10,3,0,escalate_MathematicaUniformRandom_1,0,1,0,22.94,62.9978022,1
2019-06-10T21_14_00.866379+00_00_LBL_B2,JMXLWMIFDJCGBV-UHFFFAOYSA-N,1.2747633,0.7244122679999999,1.35854744,0,0,1,0.6779151729999999,0.361481722,0.6361068870000001,5.041505743,0.134466806,0.071701143,0.12617398800000001,0.20616794800000002,0.332341936,0.119401449,0.06366790900000001,0.183069357,1.8753788409999999,1.75972075,105,12600,6.09,26.11,22.94,3.3,5.05,16.67,2.61,6.54,5.88,116.23,228.53,197.63,30.9,69.52,159.01,16.61,0,1,0,46.092,1,10,3,0,escalate_MathematicaUniformRandom_1,0,1,0,22.94,62.9978022,1
2019-06-10T21_14_00.866379+00_00_LBL_D2,JMXLWMIFDJCGBV-UHFFFAOYSA-N,8.693460786000001,0.0028351509999999997,0.17220009,0,0,1,0.086100045,0.001417575,4.3467303930000005,4.243280788,0.020290914,0.000334075,1.024379628,0.020624989,1.045004617,0.010023275,0.00016502599999999997,0.010188301,60.73754248,3066.313407,105,12600,6.09,26.11,22.94,3.3,5.05,16.67,2.61,6.54,5.88,116.23,228.53,197.63,30.9,69.52,159.01,16.61,0,1,0,46.092,1,10,3,0,escalate_MathematicaUniformRandom_1,0,1,0,22.94,62.9978022,1
2019-06-10T21_14_00.866379+00_00_LBL_F2,JMXLWMIFDJCGBV-UHFFFAOYSA-N,4.3467303930000005,0.14175753800000002,0.574623584,0,0,1,0.287311792,0.07087876900000001,2.173365197,5.014493541,0.057296272999999995,0.014134781,0.433416691,0.07143105400000001,0.504847745,0.03997182,0.009860902,0.049832720999999996,4.05356634,30.66313407,105,12600,6.09,26.11,22.94,3.3,5.05,16.67,2.61,6.54,5.88,116.23,228.53,197.63,30.9,69.52,159.01,16.61,0,1,0,46.092,1,10,3,0,escalate_MathematicaUniformRandom_1,0,1,0,22.94,62.9978022,1
2019-06-10T21_14_00.866379+00_00_LBL_H2,JMXLWMIFDJCGBV-UHFFFAOYSA-N,8.216380621,0.43661321700000005,0.584698924,0,0,1,0.292349462,0.21830660899999998,4.108190311,3.923778888,0.07450711900000001,0.055636827,1.046998424,0.13014394699999998,1.17714237,0.03639823,0.027179712,0.063577942,1.33916909,18.81844227,105,12600,6.09,26.11,22.94,3.3,5.05,16.67,2.61,6.54,5.88,116.23,228.53,197.63,30.9,69.52,159.01,16.61,0,1,0,46.092,1,10,3,0,escalate_MathematicaUniformRandom_1,0,1,1,22.94,62.9978022,3
2019-06-10T21_14_00.866379+00_00_LBL_A3,JMXLWMIFDJCGBV-UHFFFAOYSA-N,0.6361068870000001,0.615227715,1.3313530120000001,0,0,1,0.6656765060000001,0.307613857,0.318053443,5.274863806,0.126197857,0.058316929,0.060296048,0.184514785,0.24481083399999998,0.11902134,0.055000609000000006,0.17402195,2.164000385,1.033937307,105,12600,6.09,26.11,22.94,3.3,5.05,16.67,2.61,6.54,5.88,116.23,228.53,197.63,30.9,69.52,159.01,16.61,0,1,0,46.092,1,10,3,0,escalate_MathematicaUniformRandom_1,0,1,1,22.94,62.9978022,1
2019-06-10T21_14_00.866379+00_00_LBL_C3,JMXLWMIFDJCGBV-UHFFFAOYSA-N,10.94171833,0.068179978,0.770875078,0,0,1,0.384666664,0.034021809,5.459917445,3.3291569930000002,0.115544765,0.010219347,1.640030031,0.12576411199999998,1.7657941430000001,0.043766459,0.003870921,0.047637379,11.30647293,160.4828663,105,12600,6.09,26.11,22.94,3.3,5.05,16.67,2.61,6.54,5.88,116.23,228.53,197.63,30.9,69.52,159.01,16.61,0,1,0,46.092,1,10,3,0,escalate_MathematicaUniformRandom_1,0,1,0,22.94,62.9978022,3
2019-06-10T21_14_00.866379+00_00_LBL_E3,JMXLWMIFDJCGBV-UHFFFAOYSA-N,0.901151423,0.12474663300000001,1.538723184,0,0,1,0.769361592,0.062373317000000005,0.450575711,5.333640005,0.144247004,0.011694323999999999,0.084478088,0.15594132900000002,0.240419417,0.13301052900000002,0.010783366,0.143793895,12.33478725,7.223853647,105,12600,6.09,26.11,22.94,3.3,5.05,16.67,2.61,6.54,5.88,116.23,228.53,197.63,30.9,69.52,159.01,16.61,0,1,0,46.092,1,10,3,0,escalate_MathematicaUniformRandom_1,0,1,0,22.94,62.9978022,1
2019-06-10T21_14_00.866379+00_00_LBL_G3,JMXLWMIFDJCGBV-UHFFFAOYSA-N,6.13675972,0.724349895,0.952718985,0,0,1,0.47731221100000004,0.362899297,3.07451662,4.097813491,0.116479731,0.08855925199999999,0.7502822240000001,0.20503898199999998,0.9553212059999999,0.066549114,0.050597127,0.117146241,1.3152745540000002,8.472093064,105,12600,6.09,26.11,22.94,3.3,5.05,16.67,2.61,6.54,5.88,116.23,228.53,197.63,30.9,69.52,159.01,16.61,0,1,0,46.092,1,10,3,0,escalate_MathematicaUniformRandom_1,0,1,0,22.94,62.9978022,3
2019-06-10T21_14_00.866379+00_00_LBL_B3,JMXLWMIFDJCGBV-UHFFFAOYSA-N,3.3857984660000002,0.44140071700000005,1.084712541,0,0,1,0.543440983,0.221141759,1.6962850319999998,4.833838008,0.11242432699999999,0.045748690999999994,0.35091888200000004,0.158173017,0.5090919,0.083220635,0.033864869,0.11708550300000001,2.457432666,7.670577627999999,105,12600,6.09,26.11,22.94,3.3,5.05,16.67,2.61,6.54,5.88,116.23,228.53,197.63,30.9,69.52,159.01,16.61,0,1,0,46.092,1,10,3,0,escalate_MathematicaUniformRandom_1,0,1,0,22.94,62.9978022,4
2019-06-10T21_14_00.866379+00_00_LBL_D3,JMXLWMIFDJCGBV-UHFFFAOYSA-N,4.285151184,0.370663423,0.532967227,0,0,1,0.26701658100000003,0.185702375,2.146860743,4.951598324,0.05392533099999999,0.037503522000000004,0.43356924399999996,0.091428853,0.524998097,0.037616132999999996,0.026160942000000003,0.063777075,1.4378738080000002,11.56076084,105,12600,6.09,26.11,22.94,3.3,5.05,16.67,2.61,6.54,5.88,116.23,228.53,197.63,30.9,69.52,159.01,16.61,0,1,0,46.092,1,10,3,0,escalate_MathematicaUniformRandom_1,0,1,0,22.94,62.9978022,4
2019-06-10T21_14_00.866379+00_00_LBL_F3,JMXLWMIFDJCGBV-UHFFFAOYSA-N,4.0206356780000005,0.277290194,0.757152335,0,0,1,0.37933332,0.13892238699999998,2.014338475,4.938245449,0.076815404,0.028131932000000002,0.40790570200000004,0.10494733699999999,0.5128530379999999,0.054560049000000006,0.019981403999999998,0.074541453,2.730541328,14.49973985,105,12600,6.09,26.11,22.94,3.3,5.05,16.67,2.61,6.54,5.88,116.23,228.53,197.63,30.9,69.52,159.01,16.61,0,1,0,46.092,1,10,3,0,escalate_MathematicaUniformRandom_1,0,1,0,22.94,62.9978022,1
2019-06-10T21_14_00.866379+00_00_LBL_H3,JMXLWMIFDJCGBV-UHFFFAOYSA-N,3.021507712,0.127581784,1.2953001240000002,0,0,1,0.6476500620000001,0.063790892,1.510753856,4.949149811,0.130860872,0.012889263,0.305255228,0.143750135,0.44900536399999996,0.10025692300000001,0.009874898,0.11013182099999999,10.15270426,23.68290843,105,12600,6.09,26.11,22.94,3.3,5.05,16.67,2.61,6.54,5.88,116.23,228.53,197.63,30.9,69.52,159.01,16.61,0,1,0,46.092,1,10,3,0,escalate_MathematicaUniformRandom_1,0,1,1,22.94,62.9978022,1
2019-06-10T21_14_00.866379+00_00_LBL_A4,JMXLWMIFDJCGBV-UHFFFAOYSA-N,14.04736042,0.428107765,0.756955543,0,0,1,0.378477771,0.214053882,7.023680209,2.412946571,0.156852943,0.088710577,2.910831219,0.24556352,3.1563947389999996,0.040107316000000004,0.022683305,0.06279062099999999,1.7681425219999998,32.81267375,105,12600,6.09,26.11,22.94,3.3,5.05,16.67,2.61,6.54,5.88,116.23,228.53,197.63,30.9,69.52,159.01,16.61,0,1,0,46.092,1,10,3,0,escalate_MathematicaUniformRandom_1,0,1,1,22.94,62.9978022,3
2019-06-10T21_14_00.866379+00_00_LBL_C4,JMXLWMIFDJCGBV-UHFFFAOYSA-N,8.269389529,0.357228996,0.646668426,0,0,1,0.323334213,0.178614498,4.134694764,3.91525732,0.082583132,0.045620117,1.056046749,0.128203249,1.1842499979999999,0.04016598,0.022188267999999997,0.062354248,1.810234985,23.14870748,105,12600,6.09,26.11,22.94,3.3,5.05,16.67,2.61,6.54,5.88,116.23,228.53,197.63,30.9,69.52,159.01,16.61,0,1,0,46.092,1,10,3,0,escalate_MathematicaUniformRandom_1,0,1,0,22.94,62.9978022,3
2019-06-10T21_14_00.866379+00_00_LBL_E4,JMXLWMIFDJCGBV-UHFFFAOYSA-N,7.4593372460000005,0.667760059,0.799373819,0,0,1,0.40048628299999994,0.33454779,3.73712796,3.8865930580000003,0.103043019,0.086077391,0.961543415,0.18912041,1.150663825,0.052531602999999996,0.043882480999999994,0.09641408300000001,1.197097382,11.17068495,105,12600,6.09,26.11,22.94,3.3,5.05,16.67,2.61,6.54,5.88,116.23,228.53,197.63,30.9,69.52,159.01,16.61,0,1,0,46.092,1,10,3,0,escalate_MathematicaUniformRandom_1,0,1,0,22.94,62.9978022,3
2019-06-10T21_14_00.866379+00_00_LBL_G4,JMXLWMIFDJCGBV-UHFFFAOYSA-N,5.948895401000001,0.627823966,1.110312083,0,0,1,0.5540457289999999,0.313284159,2.968498805,4.087469158,0.135547379,0.076645021,0.72624372,0.21219239899999998,0.938436119,0.078521577,0.044399884,0.122921461,1.768508599,9.475419423,105,12600,6.09,26.11,22.94,3.3,5.05,16.67,2.61,6.54,5.88,116.23,228.53,197.63,30.9,69.52,159.01,16.61,0,1,0,46.092,1,10,3,0,escalate_MathematicaUniformRandom_1,0,1,0,22.94,62.9978022,3
2019-06-10T21_14_00.866379+00_00_LBL_D4,JMXLWMIFDJCGBV-UHFFFAOYSA-N,11.60895068,0.155933292,0.685193345,0,0,1,0.34259667299999996,0.077966646,5.804475342000001,3.1778416139999996,0.107807976,0.024534466,1.8265464569999998,0.132342442,1.958888899,0.038141236,0.008680015,0.046821250999999994,4.394144044,74.44818582,105,12600,6.09,26.11,22.94,3.3,5.05,16.67,2.61,6.54,5.88,116.23,228.53,197.63,30.9,69.52,159.01,16.61,0,1,0,46.092,1,10,3,0,escalate_MathematicaUniformRandom_1,0,1,0,22.94,62.9978022,3
2019-06-10T21_14_00.866379+00_00_LBL_F4,JMXLWMIFDJCGBV-UHFFFAOYSA-N,0.42407125799999995,0.289185378,0.700884673,0,0,1,0.35044233700000005,0.144592689,0.21203562899999998,5.829664265,0.06011364,0.024802919,0.036371842,0.084916558,0.12128840099999999,0.05800393,0.023932451,0.081936381,2.423651843,1.466433958,105,12600,6.09,26.11,22.94,3.3,5.05,16.67,2.61,6.54,5.88,116.23,228.53,197.63,30.9,69.52,159.01,16.61,0,1,0,46.092,1,10,3,0,escalate_MathematicaUniformRandom_1,0,1,0,22.94,62.9978022,1
2019-06-10T21_14_00.866379+00_00_LBL_H4,JMXLWMIFDJCGBV-UHFFFAOYSA-N,6.1490332389999995,0.8874021879999999,1.052914222,0,0,1,0.526457111,0.44370109399999996,3.07451662,3.952930288,0.133181481,0.11224612199999999,0.777781644,0.245427603,1.023209247,0.07491442,0.06313830599999999,0.138052726,1.1865129890000001,6.929251835,105,12600,6.09,26.11,22.94,3.3,5.05,16.67,2.61,6.54,5.88,116.23,228.53,197.63,30.9,69.52,159.01,16.61,0,1,0,46.092,1,10,3,0,escalate_MathematicaUniformRandom_1,0,1,1,22.94,62.9978022,4
2019-06-10T21_14_00.866379+00_00_LBL_A5,JMXLWMIFDJCGBV-UHFFFAOYSA-N,5.035846187,0.306196282,1.233798087,0,0,1,0.616899043,0.153098141,2.517923094,4.405825201,0.140018956,0.034749027,0.5714986360000001,0.17476798300000002,0.746266619,0.089098999,0.022112032,0.111211031,4.02943523,16.44646419,105,12600,6.09,26.11,22.94,3.3,5.05,16.67,2.61,6.54,5.88,116.23,228.53,197.63,30.9,69.52,159.01,16.61,0,1,0,46.092,1,10,3,0,escalate_MathematicaUniformRandom_1,0,1,1,22.94,62.9978022,3
2019-06-10T21_14_00.866379+00_00_LBL_C5,JMXLWMIFDJCGBV-UHFFFAOYSA-N,2.018375225,0.647709793,1.3001246359999998,0,0,1,0.6487621929999999,0.323207187,1.007169237,4.929663596,0.131603745,0.065563741,0.20430790399999998,0.197167486,0.40147539,0.10927749,0.054441012000000004,0.163718502,2.007264133,3.116172161,105,12600,6.09,26.11,22.94,3.3,5.05,16.67,2.61,6.54,5.88,116.23,228.53,197.63,30.9,69.52,159.01,16.61,0,1,0,46.092,1,10,3,0,escalate_MathematicaUniformRandom_1,0,1,0,22.94,62.9978022,1
2019-06-10T21_14_00.866379+00_00_LBL_E5,JMXLWMIFDJCGBV-UHFFFAOYSA-N,3.551596785,0.33738294,1.069125136,0,0,1,0.534562568,0.16869147,1.7757983919999998,4.842607309,0.110387346,0.034834844,0.366702951,0.14522219,0.511925141,0.080769084,0.025488234,0.106257318,3.168877282,10.52690092,105,12600,6.09,26.11,22.94,3.3,5.05,16.67,2.61,6.54,5.88,116.23,228.53,197.63,30.9,69.52,159.01,16.61,0,1,0,46.092,1,10,3,0,escalate_MathematicaUniformRandom_1,0,1,0,22.94,62.9978022,1
2019-06-10T21_14_00.866379+00_00_LBL_G5,JMXLWMIFDJCGBV-UHFFFAOYSA-N,7.754810076,0.196017437,0.256415908,0,0,1,0.127951538,0.097812701,3.8696502280000002,4.323771715,0.029592575,0.022622077999999997,0.8949709840000001,0.052214653,0.947185637,0.015616373999999999,0.011937955,0.027554328,1.308128048,39.56183788,105,12600,6.09,26.11,22.94,3.3,5.05,16.67,2.61,6.54,5.88,116.23,228.53,197.63,30.9,69.52,159.01,16.61,0,1,0,46.092,1,10,3,0,escalate_MathematicaUniformRandom_1,0,1,0,22.94,62.9978022,3
2019-06-10T21_14_00.866379+00_00_LBL_B5,JMXLWMIFDJCGBV-UHFFFAOYSA-N,1.3782315880000002,1.131225153,1.299918235,0,0,1,0.649959118,0.565612577,0.6891157940000001,4.861955712,0.13368264900000001,0.116334375,0.141736337,0.250017023,0.39175336,0.117087146,0.10189250400000001,0.21897965,1.1491242320000001,1.218353026,105,12600,6.09,26.11,22.94,3.3,5.05,16.67,2.61,6.54,5.88,116.23,228.53,197.63,30.9,69.52,159.01,16.61,0,1,0,46.092,1,10,3,0,escalate_MathematicaUniformRandom_1,0,1,0,22.94,62.9978022,4
2019-06-10T21_14_00.866379+00_00_LBL_D5,JMXLWMIFDJCGBV-UHFFFAOYSA-N,14.36541386,0.476305328,0.597970342,0,0,1,0.298985171,0.238152664,7.18270693,2.399320981,0.12461241099999999,0.099258359,2.9936415289999996,0.22387077,3.2175122989999996,0.031202703,0.024854097999999998,0.056056800999999996,1.255434923,30.16009485,105,12600,6.09,26.11,22.94,3.3,5.05,16.67,2.61,6.54,5.88,116.23,228.53,197.63,30.9,69.52,159.01,16.61,0,1,0,46.092,1,10,3,0,escalate_MathematicaUniformRandom_1,0,1,0,22.94,62.9978022,3
2019-06-10T21_14_00.866379+00_00_LBL_F5,JMXLWMIFDJCGBV-UHFFFAOYSA-N,1.060178145,1.207774224,1.392859457,0,0,1,0.696429728,0.603887112,0.530089072,4.8515019839999995,0.14354930300000002,0.124474258,0.10926287900000001,0.268023561,0.37728644,0.129409634,0.11221349,0.241623123,1.153244894,0.877794975,105,12600,6.09,26.11,22.94,3.3,5.05,16.67,2.61,6.54,5.88,116.23,228.53,197.63,30.9,69.52,159.01,16.61,0,1,0,46.092,1,10,3,0,escalate_MathematicaUniformRandom_1,0,1,0,22.94,62.9978022,4
2019-06-10T21_14_00.866379+00_00_LBL_H5,JMXLWMIFDJCGBV-UHFFFAOYSA-N,7.050184662,0.034021809,1.058130102,0,0,1,0.529065051,0.017010905,3.525092331,4.142915666,0.127703553,0.004106022,0.8508723359999999,0.13180957599999998,0.982681912,0.068996414,0.002218426,0.071214839,31.10152367,207.2254487,105,12600,6.09,26.11,22.94,3.3,5.05,16.67,2.61,6.54,5.88,116.23,228.53,197.63,30.9,69.52,159.01,16.61,0,1,0,46.092,1,10,3,0,escalate_MathematicaUniformRandom_1,0,1,1,22.94,62.9978022,1
2019-06-10T21_14_00.866379+00_00_LBL_A6,JMXLWMIFDJCGBV-UHFFFAOYSA-N,14.6304584,0.314701734,0.48428709299999995,0,0,1,0.24214354600000002,0.157350867,7.315229198,2.475159214,0.09782948300000001,0.063572018,2.95545804,0.161401502,3.116859542,0.024732782000000002,0.016071974,0.040804756,1.5388764659999998,46.48991981,105,12600,6.09,26.11,22.94,3.3,5.05,16.67,2.61,6.54,5.88,116.23,228.53,197.63,30.9,69.52,159.01,16.61,0,1,0,46.092,1,10,3,0,escalate_MathematicaUniformRandom_1,0,1,1,22.94,62.9978022,3
2019-06-10T21_14_00.866379+00_00_LBL_C6,JMXLWMIFDJCGBV-UHFFFAOYSA-N,8.481425158,0.031186658,1.189950649,0,0,1,0.594975325,0.015593329,4.240712579,3.7233551289999998,0.159795481,0.004187978,1.138949263,0.163983459,1.302932722,0.074707467,0.00195796,0.07666542700000001,38.15575993,271.9568432,105,12600,6.09,26.11,22.94,3.3,5.05,16.67,2.61,6.54,5.88,116.23,228.53,197.63,30.9,69.52,159.01,16.61,0,1,0,46.092,1,10,3,0,escalate_MathematicaUniformRandom_1,0,1,0,22.94,62.9978022,3
2019-06-10T21_14_00.866379+00_00_LBL_E6,JMXLWMIFDJCGBV-UHFFFAOYSA-N,7.103193569,0.586876207,1.087123315,0,0,1,0.543561658,0.293438104,3.551596785,3.8469531439999995,0.141296667,0.076278055,0.923223302,0.217574722,1.140798024,0.073468675,0.03966157,0.113130244,1.852389485,12.10339332,105,12600,6.09,26.11,22.94,3.3,5.05,16.67,2.61,6.54,5.88,116.23,228.53,197.63,30.9,69.52,159.01,16.61,0,1,0,46.092,1,10,3,0,escalate_MathematicaUniformRandom_1,0,1,0,22.94,62.9978022,3
2019-06-10T21_14_00.866379+00_00_LBL_G6,JMXLWMIFDJCGBV-UHFFFAOYSA-N,2.4384097330000003,0.8874021879999999,0.91052481,0,0,1,0.455262405,0.44370109399999996,1.2192048659999999,4.9349483030000005,0.09225272,0.089909978,0.247055246,0.182162698,0.42921794399999996,0.07397645,0.072097831,0.146074281,1.02605653,2.7478067619999997,105,12600,6.09,26.11,22.94,3.3,5.05,16.67,2.61,6.54,5.88,116.23,228.53,197.63,30.9,69.52,159.01,16.61,0,1,0,46.092,1,10,3,0,escalate_MathematicaUniformRandom_1,0,1,0,22.94,62.9978022,4
2019-06-10T21_14_00.866379+00_00_LBL_B6,JMXLWMIFDJCGBV-UHFFFAOYSA-N,11.07886161,0.130416935,0.14366351300000002,0,0,1,0.071831757,0.065208467,5.539430806,3.616149982,0.019864153,0.018032567,1.531858699,0.03789672,1.569755419,0.00784568,0.0071222640000000005,0.014967943999999999,1.101570997,84.94956284,105,12600,6.09,26.11,22.94,3.3,5.05,16.67,2.61,6.54,5.88,116.23,228.53,197.63,30.9,69.52,159.01,16.61,0,1,0,46.092,1,10,3,0,escalate_MathematicaUniformRandom_1,0,1,0,22.94,62.9978022,4
2019-06-10T21_14_00.866379+00_00_LBL_D6,JMXLWMIFDJCGBV-UHFFFAOYSA-N,13.64900007,0.331050538,0.742481805,0,0,1,0.371983384,0.165856319,6.838149033,2.569957965,0.144742984,0.06453658799999999,2.660801899,0.209279572,2.870081471,0.039538601,0.017629085,0.057167685999999995,2.24280501,41.22935475,105,12600,6.09,26.11,22.94,3.3,5.05,16.67,2.61,6.54,5.88,116.23,228.53,197.63,30.9,69.52,159.01,16.61,0,1,0,46.092,1,10,3,0,escalate_MathematicaUniformRandom_1,0,1,0,22.94,62.9978022,3
2019-06-10T21_14_00.866379+00_00_LBL_F6,JMXLWMIFDJCGBV-UHFFFAOYSA-N,2.809472083,0.48197562899999996,0.9693090590000001,0,0,1,0.48465453,0.240987815,1.404736042,5.008243404,0.096771361,0.048118231,0.280484778,0.14488959199999998,0.42537437100000003,0.075574003,0.037578136,0.113152139,2.011116332,5.829074984,105,12600,6.09,26.11,22.94,3.3,5.05,16.67,2.61,6.54,5.88,116.23,228.53,197.63,30.9,69.52,159.01,16.61,0,1,0,46.092,1,10,3,0,escalate_MathematicaUniformRandom_1,0,1,0,22.94,62.9978022,1
2019-06-10T21_14_00.866379+00_00_LBL_H6,JMXLWMIFDJCGBV-UHFFFAOYSA-N,6.745622463999999,0.193176605,0.700842672,0,0,1,0.34972049299999997,0.096395126,3.3660656089999996,4.327378676,0.080815782,0.022275639,0.77785326,0.103091421,0.8809446809999999,0.045456948,0.012529515,0.057986462999999995,3.627989383,34.91945863,105,12600,6.09,26.11,22.94,3.3,5.05,16.67,2.61,6.54,5.88,116.23,228.53,197.63,30.9,69.52,159.01,16.61,0,1,0,46.092,1,10,3,0,escalate_MathematicaUniformRandom_1,0,1,1,22.94,62.9978022,3
2019-06-10T21_14_00.866379+00_00_LBL_A7,JMXLWMIFDJCGBV-UHFFFAOYSA-N,2.6504453619999997,0.240987815,1.602603836,0,0,1,0.801301918,0.120493907,1.3252226809999998,4.81629656,0.166373044,0.025017958,0.275153879,0.191391002,0.466544881,0.130472915,0.01961956,0.150092475,6.6501446920000005,10.99825469,105,12600,6.09,26.11,22.94,3.3,5.05,16.67,2.61,6.54,5.88,116.23,228.53,197.63,30.9,69.52,159.01,16.61,0,1,0,46.092,1,10,3,0,escalate_MathematicaUniformRandom_1,0,1,1,22.94,62.9978022,1
2019-06-10T21_14_00.866379+00_00_LBL_C7,JMXLWMIFDJCGBV-UHFFFAOYSA-N,4.293721486,0.38558050299999996,0.960168648,0,0,1,0.480084324,0.192790252,2.146860743,4.698247915,0.102183693,0.041034499,0.456949225,0.143218193,0.600167418,0.07013538400000001,0.028164674,0.09830005800000001,2.490189829,11.13573287,105,12600,6.09,26.11,22.94,3.3,5.05,16.67,2.61,6.54,5.88,116.23,228.53,197.63,30.9,69.52,159.01,16.61,0,1,0,46.092,1,10,3,0,escalate_MathematicaUniformRandom_1,0,1,0,22.94,62.9978022,4
2019-06-10T21_14_00.866379+00_00_LBL_E7,JMXLWMIFDJCGBV-UHFFFAOYSA-N,2.597436454,0.589711358,1.355532468,0,0,1,0.677766234,0.294855679,1.298718227,4.796128884,0.141315267,0.061477847,0.27078468,0.202793114,0.473577795,0.111203156,0.048377863,0.159581019,2.2986372040000003,4.404589497,105,12600,6.09,26.11,22.94,3.3,5.05,16.67,2.61,6.54,5.88,116.23,228.53,197.63,30.9,69.52,159.01,16.61,0,1,0,46.092,1,10,3,0,escalate_MathematicaUniformRandom_1,0,1,0,22.94,62.9978022,4
2019-06-10T21_14_00.866379+00_00_LBL_G7,JMXLWMIFDJCGBV-UHFFFAOYSA-N,9.647621117,0.042527261,0.9359021959999999,0,0,1,0.46795109799999995,0.021263631,4.823810558,3.5730278589999998,0.13096766,0.0059511519999999995,1.3500623980000002,0.136918812,1.486981209,0.055729439000000006,0.002532338,0.058261777,22.00711178,226.85733340000002,105,12600,6.09,26.11,22.94,3.3,5.05,16.67,2.61,6.54,5.88,116.23,228.53,197.63,30.9,69.52,159.01,16.61,0,1,0,46.092,1,10,3,0,escalate_MathematicaUniformRandom_1,0,1,0,22.94,62.9978022,3
2019-06-10T21_14_00.866379+00_00_LBL_B7,JMXLWMIFDJCGBV-UHFFFAOYSA-N,4.972891497,1.072377383,1.155500466,0,0,1,0.5789057329999999,0.537261069,2.49141864,4.102026531,0.141126765,0.130974548,0.607362878,0.272101312,0.87946419,0.087800189,0.08148411900000001,0.169284308,1.077512901,4.637258837,105,12600,6.09,26.11,22.94,3.3,5.05,16.67,2.61,6.54,5.88,116.23,228.53,197.63,30.9,69.52,159.01,16.61,0,1,0,46.092,1,10,3,0,escalate_MathematicaUniformRandom_1,0,1,0,22.94,62.9978022,3
2019-06-10T21_14_00.866379+00_00_LBL_D7,JMXLWMIFDJCGBV-UHFFFAOYSA-N,3.9148294760000004,0.036783393,0.36372118600000003,0,0,1,0.182224314,0.01842848,1.961329568,5.296616576,0.034403908999999996,0.003479293,0.370298575,0.037883202000000005,0.408181776,0.025106871,0.002539076,0.027645947,9.888190173,106.4292646,105,12600,6.09,26.11,22.94,3.3,5.05,16.67,2.61,6.54,5.88,116.23,228.53,197.63,30.9,69.52,159.01,16.61,0,1,0,46.092,1,10,3,0,escalate_MathematicaUniformRandom_1,0,1,0,22.94,62.9978022,1
2019-06-10T21_14_00.866379+00_00_LBL_F7,JMXLWMIFDJCGBV-UHFFFAOYSA-N,10.52771711,0.710202436,0.888458095,0,0,1,0.445117506,0.35581142,5.27438627,3.0681119580000003,0.145078639,0.115970807,1.7190983709999998,0.261049446,1.980147817,0.05335542099999999,0.042650464000000006,0.096005885,1.2509927459999999,14.82354407,105,12600,6.09,26.11,22.94,3.3,5.05,16.67,2.61,6.54,5.88,116.23,228.53,197.63,30.9,69.52,159.01,16.61,0,1,0,46.092,1,10,3,0,escalate_MathematicaUniformRandom_1,0,1,0,22.94,62.9978022,4
2019-06-10T21_14_00.866379+00_00_LBL_H7,JMXLWMIFDJCGBV-UHFFFAOYSA-N,4.929828373,0.096395126,1.45227635,0,0,1,0.726138175,0.048197563,2.464914186,4.413276134,0.16453495199999998,0.010921038999999999,0.558522538,0.175455991,0.733978529,0.10557110800000001,0.007007303,0.11257841099999999,15.06586912,51.1418843,105,12600,6.09,26.11,22.94,3.3,5.05,16.67,2.61,6.54,5.88,116.23,228.53,197.63,30.9,69.52,159.01,16.61,0,1,0,46.092,1,10,3,0,escalate_MathematicaUniformRandom_1,0,1,1,22.94,62.9978022,1
2019-06-10T21_14_00.866379+00_00_LBL_A8,JMXLWMIFDJCGBV-UHFFFAOYSA-N,6.573104497,0.059538166,0.12958545800000001,0,0,1,0.06479272900000001,0.029769083,3.2865522489999996,4.755792072,0.013623962,0.006259543,0.6910630659999999,0.019883504,0.71094657,0.008056448,0.003701543,0.011757991,2.176510753,110.401528,105,12600,6.09,26.11,22.94,3.3,5.05,16.67,2.61,6.54,5.88,116.23,228.53,197.63,30.9,69.52,159.01,16.61,0,1,0,46.092,1,10,3,0,escalate_MathematicaUniformRandom_1,0,1,1,22.94,62.9978022,1
2019-06-10T21_14_00.866379+00_00_LBL_C8,JMXLWMIFDJCGBV-UHFFFAOYSA-N,5.93699761,0.48481078,0.514226062,0,0,1,0.257113031,0.24240539,2.968498805,4.494412222,0.057207265,0.053934837,0.660486546,0.11114210199999999,0.771628648,0.03445211,0.032481345,0.066933455,1.0606737370000001,12.2460099,105,12600,6.09,26.11,22.94,3.3,5.05,16.67,2.61,6.54,5.88,116.23,228.53,197.63,30.9,69.52,159.01,16.61,0,1,0,46.092,1,10,3,0,escalate_MathematicaUniformRandom_1,0,1,0,22.94,62.9978022,3
2019-06-10T21_14_00.866379+00_00_LBL_E8,JMXLWMIFDJCGBV-UHFFFAOYSA-N,2.809472083,0.683271333,1.107808815,0,0,1,0.553904407,0.34163566700000003,1.404736042,4.83505247,0.114560165,0.07065810900000001,0.290531706,0.185218274,0.47574998,0.088769741,0.054751161,0.143520902,1.6213307380000002,4.111795632,105,12600,6.09,26.11,22.94,3.3,5.05,16.67,2.61,6.54,5.88,116.23,228.53,197.63,30.9,69.52,159.01,16.61,0,1,0,46.092,1,10,3,0,escalate_MathematicaUniformRandom_1,0,1,0,22.94,62.9978022,4
2019-06-10T21_14_00.866379+00_00_LBL_G8,JMXLWMIFDJCGBV-UHFFFAOYSA-N,12.90835665,0.200893916,0.610627089,0,0,1,0.305924171,0.100647852,6.467086683,2.886193627,0.10599572,0.034872176,2.2406974440000003,0.140867896,2.38156534,0.032707688,0.010760701000000001,0.043468389,3.03954993,64.25459217,105,12600,6.09,26.11,22.94,3.3,5.05,16.67,2.61,6.54,5.88,116.23,228.53,197.63,30.9,69.52,159.01,16.61,0,1,0,46.092,1,10,3,0,escalate_MathematicaUniformRandom_1,0,1,0,22.94,62.9978022,3
2019-06-10T21_14_00.866379+00_00_LBL_B8,JMXLWMIFDJCGBV-UHFFFAOYSA-N,2.380639546,0.820552615,0.858142761,0,0,1,0.429929523,0.41109686,1.192700413,5.020059121,0.085642323,0.08189084,0.237586926,0.167533163,0.40512008899999996,0.069201056,0.066169769,0.135370825,1.045810769,2.901263736,105,12600,6.09,26.11,22.94,3.3,5.05,16.67,2.61,6.54,5.88,116.23,228.53,197.63,30.9,69.52,159.01,16.61,0,1,0,46.092,1,10,3,0,escalate_MathematicaUniformRandom_1,0,1,0,22.94,62.9978022,4
2019-06-10T21_14_00.866379+00_00_LBL_D8,JMXLWMIFDJCGBV-UHFFFAOYSA-N,10.86682598,0.535843494,0.600559838,0,0,1,0.300279919,0.267921747,5.433412992,3.221442797,0.09321286699999999,0.083168246,1.686639601,0.176381113,1.8630207140000001,0.034694965,0.030956235,0.06565119999999999,1.120774714,20.27985057,105,12600,6.09,26.11,22.94,3.3,5.05,16.67,2.61,6.54,5.88,116.23,228.53,197.63,30.9,69.52,159.01,16.61,0,1,0,46.092,1,10,3,0,escalate_MathematicaUniformRandom_1,0,1,0,22.94,62.9978022,3
2019-06-10T21_14_00.866379+00_00_LBL_F8,JMXLWMIFDJCGBV-UHFFFAOYSA-N,13.1725541,0.08522497300000001,0.8421274959999999,0,0,1,0.42022162,0.042527261,6.573104497,2.7395775610000004,0.153389204,0.015523292,2.39931316,0.168912495,2.568225656,0.045123587,0.004566597,0.049690184000000005,9.881229276000001,154.5621392,105,12600,6.09,26.11,22.94,3.3,5.05,16.67,2.61,6.54,5.88,116.23,228.53,197.63,30.9,69.52,159.01,16.61,0,1,0,46.092,1,10,3,0,escalate_MathematicaUniformRandom_1,0,1,0,22.94,62.9978022,3
2019-06-10T21_14_00.866379+00_00_LBL_H8,JMXLWMIFDJCGBV-UHFFFAOYSA-N,4.390957386,0.820552615,0.98872592,0,0,1,0.495351686,0.41109686,2.19986965,4.457611687,0.111124907,0.092223569,0.49350858799999997,0.203348477,0.696857065,0.074405268,0.061749608,0.136154876,1.204951275,5.351219781,105,12600,6.09,26.11,22.94,3.3,5.05,16.67,2.61,6.54,5.88,116.23,228.53,197.63,30.9,69.52,159.01,16.61,0,1,0,46.092,1,10,3,0,escalate_MathematicaUniformRandom_1,0,1,1,22.94,62.9978022,3
2019-06-10T21_14_00.866379+00_00_LBL_A9,JMXLWMIFDJCGBV-UHFFFAOYSA-N,1.110965122,0.45837766799999996,0.644869927,0,0,1,0.323079833,0.229647212,0.556593526,5.6224941479999995,0.057462013,0.040844366,0.098994061,0.09830638,0.19730044,0.052286009,0.03716523,0.089451238,1.406852847,2.423689459,105,12600,6.09,26.11,22.94,3.3,5.05,16.67,2.61,6.54,5.88,116.23,228.53,197.63,30.9,69.52,159.01,16.61,0,1,0,46.092,1,10,3,0,escalate_MathematicaUniformRandom_1,0,1,1,22.94,62.9978022,1
2019-06-10T21_14_00.866379+00_00_LBL_C9,JMXLWMIFDJCGBV-UHFFFAOYSA-N,11.87399522,0.116241181,0.50644234,0,0,1,0.25322117,0.058120591,5.93699761,3.230435443,0.07838608,0.017991565,1.837831994,0.096377645,1.934209639,0.027621818,0.006339898,0.033961716,4.356823758,102.14964350000001,105,12600,6.09,26.11,22.94,3.3,5.05,16.67,2.61,6.54,5.88,116.23,228.53,197.63,30.9,69.52,159.01,16.61,0,1,0,46.092,1,10,3,0,escalate_MathematicaUniformRandom_1,0,1,0,22.94,62.9978022,3
2019-06-10T21_14_00.866379+00_00_LBL_E9,JMXLWMIFDJCGBV-UHFFFAOYSA-N,1.5902672169999998,0.093559975,0.271805285,0,0,1,0.135902642,0.046779988,0.7951336090000001,5.87529258,0.023131212999999998,0.007962155,0.135335151,0.031093367,0.166428518,0.020373907,0.007013043,0.02738695,2.905144903,16.9973027,105,12600,6.09,26.11,22.94,3.3,5.05,16.67,2.61,6.54,5.88,116.23,228.53,197.63,30.9,69.52,159.01,16.61,0,1,0,46.092,1,10,3,0,escalate_MathematicaUniformRandom_1,0,1,0,22.94,62.9978022,1
2019-06-10T21_14_00.866379+00_00_LBL_G9,JMXLWMIFDJCGBV-UHFFFAOYSA-N,4.505757115,0.462129574,0.8683884690000001,0,0,1,0.434194235,0.231064787,2.252878557,4.659911173,0.093176505,0.049585662999999995,0.48345955,0.142762168,0.6262217179999999,0.062810277,0.033425693,0.096235969,1.8791017030000001,9.749986517,105,12600,6.09,26.11,22.94,3.3,5.05,16.67,2.61,6.54,5.88,116.23,228.53,197.63,30.9,69.52,159.01,16.61,0,1,0,46.092,1,10,3,0,escalate_MathematicaUniformRandom_1,0,1,0,22.94,62.9978022,3
2019-06-10T21_14_00.866379+00_00_LBL_B9,JMXLWMIFDJCGBV-UHFFFAOYSA-N,5.618944167,0.6946119359999999,1.1885678990000001,0,0,1,0.594283949,0.34730596799999996,2.809472083,4.100871918,0.14491648599999998,0.08469076199999999,0.6850914,0.229607248,0.914698648,0.085999185,0.050258854000000006,0.136258038,1.7111250709999999,8.08932855,105,12600,6.09,26.11,22.94,3.3,5.05,16.67,2.61,6.54,5.88,116.23,228.53,197.63,30.9,69.52,159.01,16.61,0,1,0,46.092,1,10,3,0,escalate_MathematicaUniformRandom_1,0,1,0,22.94,62.9978022,3
2019-06-10T21_14_00.866379+00_00_LBL_D9,JMXLWMIFDJCGBV-UHFFFAOYSA-N,4.611774929,0.331712639,1.0595324940000002,0,0,1,0.5297662470000001,0.165856319,2.305887465,4.59232925,0.115358943,0.036115947,0.502117191,0.15147489,0.653592081,0.076797565,0.024043362000000002,0.100840927,3.194127595,13.90292195,105,12600,6.09,26.11,22.94,3.3,5.05,16.67,2.61,6.54,5.88,116.23,228.53,197.63,30.9,69.52,159.01,16.61,0,1,0,46.092,1,10,3,0,escalate_MathematicaUniformRandom_1,0,1,0,22.94,62.9978022,3
2019-06-10T21_14_00.866379+00_00_LBL_F9,JMXLWMIFDJCGBV-UHFFFAOYSA-N,1.5902672169999998,0.269339322,0.90398472,0,0,1,0.45199236,0.134669661,0.7951336090000001,5.443821095,0.083028511,0.024738076,0.146061672,0.107766587,0.253828259,0.072446809,0.021585292000000002,0.09403210099999999,3.356304282,5.904326201,105,12600,6.09,26.11,22.94,3.3,5.05,16.67,2.61,6.54,5.88,116.23,228.53,197.63,30.9,69.52,159.01,16.61,0,1,0,46.092,1,10,3,0,escalate_MathematicaUniformRandom_1,0,1,0,22.94,62.9978022,1
2019-06-10T21_14_00.866379+00_00_LBL_H9,JMXLWMIFDJCGBV-UHFFFAOYSA-N,2.7564631760000005,0.629403469,1.465012948,0,0,1,0.732506474,0.314701734,1.3782315880000002,4.678195204,0.15657886,0.067269902,0.294607542,0.223848763,0.518456304,0.120946971,0.051961618,0.17290858899999997,2.327621345,4.3794851999999995,105,12600,6.09,26.11,22.94,3.3,5.05,16.67,2.61,6.54,5.88,116.23,228.53,197.63,30.9,69.52,159.01,16.61,0,1,0,46.092,1,10,3,0,escalate_MathematicaUniformRandom_1,0,1,1,22.94,62.9978022,4
2019-06-10T21_14_00.866379+00_00_LBL_A10,JMXLWMIFDJCGBV-UHFFFAOYSA-N,1.6962850319999998,0.609557413,1.5257235830000002,0,0,1,0.762861792,0.304778707,0.8481425159999999,4.912783183,0.15528098099999998,0.062037891,0.17263992399999997,0.217318872,0.389958796,0.13242000199999998,0.052904467999999996,0.185324469,2.503002259,2.7828142089999997,105,12600,6.09,26.11,22.94,3.3,5.05,16.67,2.61,6.54,5.88,116.23,228.53,197.63,30.9,69.52,159.01,16.61,0,1,0,46.092,1,10,3,0,escalate_MathematicaUniformRandom_1,0,1,1,22.94,62.9978022,1
2019-06-10T21_14_00.866379+00_00_LBL_C10,JMXLWMIFDJCGBV-UHFFFAOYSA-N,2.486445749,0.531944454,0.819254215,0,0,1,0.410446362,0.266504171,1.24570932,5.15533407,0.079615861,0.05169484,0.241635033,0.131310702,0.372945735,0.06412179,0.041634489,0.10575627900000001,1.540112335,4.674258242,105,12600,6.09,26.11,22.94,3.3,5.05,16.67,2.61,6.54,5.88,116.23,228.53,197.63,30.9,69.52,159.01,16.61,0,1,0,46.092,1,10,3,0,escalate_MathematicaUniformRandom_1,0,1,0,22.94,62.9978022,1
2019-06-10T21_14_00.866379+00_00_LBL_E10,JMXLWMIFDJCGBV-UHFFFAOYSA-N,1.802302846,0.14175753800000002,1.217300122,0,0,1,0.608650061,0.07087876900000001,0.901151423,5.28207319,0.115229388,0.01341874,0.17060563,0.128648128,0.299253758,0.09843570300000001,0.011463075,0.109898778,8.587198531,12.71398242,105,12600,6.09,26.11,22.94,3.3,5.05,16.67,2.61,6.54,5.88,116.23,228.53,197.63,30.9,69.52,159.01,16.61,0,1,0,46.092,1,10,3,0,escalate_MathematicaUniformRandom_1,0,1,0,22.94,62.9978022,1
2019-06-10T21_14_00.866379+00_00_LBL_G10,JMXLWMIFDJCGBV-UHFFFAOYSA-N,11.87399522,0.292020528,0.634486288,0,0,1,0.317243144,0.146010264,5.93699761,3.0753061460000004,0.10315823199999999,0.047478285999999995,1.930538726,0.150636518,2.081175244,0.035201115,0.016201214,0.05140233,2.1727454969999997,40.66150859,105,12600,6.09,26.11,22.94,3.3,5.05,16.67,2.61,6.54,5.88,116.23,228.53,197.63,30.9,69.52,159.01,16.61,0,1,0,46.092,1,10,3,0,escalate_MathematicaUniformRandom_1,0,1,0,22.94,62.9978022,3
2019-06-10T21_14_00.866379+00_00_LBL_B10,JMXLWMIFDJCGBV-UHFFFAOYSA-N,4.452748208,0.235317513,1.385199619,0,0,1,0.69259981,0.11765875699999999,2.226374104,4.499137115,0.153940587,0.026151405,0.494844688,0.180091992,0.6749366809999999,0.102980991,0.017494396000000002,0.12047538699999999,5.8865130820000005,18.92229843,105,12600,6.09,26.11,22.94,3.3,5.05,16.67,2.61,6.54,5.88,116.23,228.53,197.63,30.9,69.52,159.01,16.61,0,1,0,46.092,1,10,3,0,escalate_MathematicaUniformRandom_1,0,1,0,22.94,62.9978022,1
2019-06-10T21_14_00.866379+00_00_LBL_D10,JMXLWMIFDJCGBV-UHFFFAOYSA-N,5.948895401000001,0.409079869,1.297458044,0,0,1,0.647431564,0.204130855,2.968498805,4.090582541,0.158273683,0.049902637,0.725690968,0.20817632,0.933867288,0.091716122,0.028917482,0.120633603,3.171649698,14.54213675,105,12600,6.09,26.11,22.94,3.3,5.05,16.67,2.61,6.54,5.88,116.23,228.53,197.63,30.9,69.52,159.01,16.61,0,1,0,46.092,1,10,3,0,escalate_MathematicaUniformRandom_1,0,1,0,22.94,62.9978022,3
2019-06-10T21_14_00.866379+00_00_LBL_F10,JMXLWMIFDJCGBV-UHFFFAOYSA-N,8.375407343,0.204130855,0.741716445,0,0,1,0.370858223,0.10206542699999999,4.187703672,3.9113107310000004,0.094816865,0.026094942000000003,1.070665043,0.120911807,1.19157685,0.045790537,0.012602203000000001,0.058392741,3.633534216,41.02960013,105,12600,6.09,26.11,22.94,3.3,5.05,16.67,2.61,6.54,5.88,116.23,228.53,197.63,30.9,69.52,159.01,16.61,0,1,0,46.092,1,10,3,0,escalate_MathematicaUniformRandom_1,0,1,0,22.94,62.9978022,3
2019-06-10T21_14_00.866379+00_00_LBL_H10,JMXLWMIFDJCGBV-UHFFFAOYSA-N,9.435585488,0.042527261,0.7819676959999999,0,0,1,0.39098384799999997,0.021263631,4.717792744,3.70906242,0.105413122,0.0057328859999999995,1.271963696,0.11114600699999999,1.3831097030000001,0.046397362000000004,0.002523317,0.048920679,18.38744536,221.8714579,105,12600,6.09,26.11,22.94,3.3,5.05,16.67,2.61,6.54,5.88,116.23,228.53,197.63,30.9,69.52,159.01,16.61,0,1,0,46.092,1,10,3,0,escalate_MathematicaUniformRandom_1,0,1,1,22.94,62.9978022,3
2019-06-10T21_14_00.866379+00_00_LBL_A11,JMXLWMIFDJCGBV-UHFFFAOYSA-N,0.52903101,0.401787832,0.7258063109999999,0,0,1,0.36362896200000006,0.201295704,0.265044536,5.747492692000001,0.063267407,0.035023221,0.04611481,0.098290628,0.144405438,0.060478455,0.033479327999999996,0.093957783,1.806441739,1.3166924629999999,105,12600,6.09,26.11,22.94,3.3,5.05,16.67,2.61,6.54,5.88,116.23,228.53,197.63,30.9,69.52,159.01,16.61,0,1,0,46.092,1,10,3,0,escalate_MathematicaUniformRandom_1,0,1,1,22.94,62.9978022,1
2019-06-10T21_14_00.866379+00_00_LBL_C11,JMXLWMIFDJCGBV-UHFFFAOYSA-N,1.115417888,0.201699102,1.5925174530000001,0,0,1,0.7946662090000001,0.100647852,0.556593526,5.204338599,0.152693026,0.019339221,0.106947985,0.172032247,0.278980231,0.137940561,0.017470758,0.155411319,7.8955108670000005,5.530108342999999,105,12600,6.09,26.11,22.94,3.3,5.05,16.67,2.61,6.54,5.88,116.23,228.53,197.63,30.9,69.52,159.01,16.61,0,1,0,46.092,1,10,3,0,escalate_MathematicaUniformRandom_1,0,1,0,22.94,62.9978022,1
2019-06-10T21_14_00.866379+00_00_LBL_E11,JMXLWMIFDJCGBV-UHFFFAOYSA-N,0.584266513,1.076675489,1.322086865,0,0,1,0.659721346,0.537261069,0.29154899,5.059447424,0.13039395199999998,0.10618967300000001,0.05762467,0.23658362600000002,0.29420829600000004,0.123289439,0.10040393,0.22369336899999998,1.227934395,0.542657949,105,12600,6.09,26.11,22.94,3.3,5.05,16.67,2.61,6.54,5.88,116.23,228.53,197.63,30.9,69.52,159.01,16.61,0,1,0,46.092,1,10,3,0,escalate_MathematicaUniformRandom_1,0,1,0,22.94,62.9978022,1
2019-06-10T21_14_00.866379+00_00_LBL_G11,JMXLWMIFDJCGBV-UHFFFAOYSA-N,1.2722137740000001,0.0056703019999999995,0.413670704,0,0,1,0.206835352,0.0028351509999999997,0.6361068870000001,5.917482822999999,0.034953266000000004,0.000479114,0.107496195,0.035432381,0.142928575,0.03156062,0.00043261,0.03199323,72.95391665,224.36439559999997,105,12600,6.09,26.11,22.94,3.3,5.05,16.67,2.61,6.54,5.88,116.23,228.53,197.63,30.9,69.52,159.01,16.61,0,1,0,46.092,1,10,3,0,escalate_MathematicaUniformRandom_1,0,1,0,22.94,62.9978022,1
2019-06-10T21_14_00.866379+00_00_LBL_B11,JMXLWMIFDJCGBV-UHFFFAOYSA-N,7.754810076,0.159086616,0.23828364,0,0,1,0.11890353599999999,0.07938422099999999,3.8696502280000002,4.351501454,0.027324715,0.01824295,0.889267824,0.045567664,0.9348354879999999,0.014463123999999999,0.009656095,0.024119219,1.497823299,48.74583595,105,12600,6.09,26.11,22.94,3.3,5.05,16.67,2.61,6.54,5.88,116.23,228.53,197.63,30.9,69.52,159.01,16.61,0,1,0,46.092,1,10,3,0,escalate_MathematicaUniformRandom_1,0,1,0,22.94,62.9978022,3
2019-06-10T21_14_00.866379+00_00_LBL_D11,JMXLWMIFDJCGBV-UHFFFAOYSA-N,1.2192048659999999,0.053867864,1.005116192,0,0,1,0.502558096,0.026933932,0.6096024329999999,5.582904892,0.090017313,0.004824358,0.109190904,0.094841671,0.204032575,0.08115583400000001,0.004349439,0.085505273,18.65892035,22.63325044,105,12600,6.09,26.11,22.94,3.3,5.05,16.67,2.61,6.54,5.88,116.23,228.53,197.63,30.9,69.52,159.01,16.61,0,1,0,46.092,1,10,3,0,escalate_MathematicaUniformRandom_1,0,1,0,22.94,62.9978022,1
2019-06-10T21_14_00.866379+00_00_LBL_F11,JMXLWMIFDJCGBV-UHFFFAOYSA-N,5.406908538,0.839204625,1.031026385,0,0,1,0.515513192,0.41960231299999995,2.703454269,4.169012082,0.123653562,0.1006479,0.648464004,0.22430146199999998,0.8727654659999999,0.075011381,0.06105556400000001,0.136066946,1.228575671,6.442896496,105,12600,6.09,26.11,22.94,3.3,5.05,16.67,2.61,6.54,5.88,116.23,228.53,197.63,30.9,69.52,159.01,16.61,0,1,0,46.092,1,10,3,0,escalate_MathematicaUniformRandom_1,0,1,0,22.94,62.9978022,3
2019-06-10T21_14_00.866379+00_00_LBL_H11,JMXLWMIFDJCGBV-UHFFFAOYSA-N,6.877403134,0.432912242,1.24126261,0,0,1,0.621872567,0.216889033,3.44557897,3.899651555,0.159468752,0.055617542,0.883560729,0.21508629399999998,1.098647023,0.084663451,0.029527873,0.114191324,2.8672384139999996,15.88636788,105,12600,6.09,26.11,22.94,3.3,5.05,16.67,2.61,6.54,5.88,116.23,228.53,197.63,30.9,69.52,159.01,16.61,0,1,0,46.092,1,10,3,0,escalate_MathematicaUniformRandom_1,0,1,1,22.94,62.9978022,3
2019-06-10T21_14_00.866379+00_00_LBL_A12,JMXLWMIFDJCGBV-UHFFFAOYSA-N,8.375407343,0.05103271400000001,0.52119874,0,0,1,0.26059937,0.025516357000000003,4.187703672,4.106169329,0.063465325,0.006214150999999999,1.019856547,0.06967947599999999,1.089536022,0.031420709,0.003076531,0.03449724,10.21303203,164.11840049999998,105,12600,6.09,26.11,22.94,3.3,5.05,16.67,2.61,6.54,5.88,116.23,228.53,197.63,30.9,69.52,159.01,16.61,0,1,0,46.092,1,10,3,0,escalate_MathematicaUniformRandom_1,0,1,1,22.94,62.9978022,3
2019-06-10T21_14_00.866379+00_00_LBL_C12,JMXLWMIFDJCGBV-UHFFFAOYSA-N,2.226374104,1.068851837,1.3829689369999998,0,0,1,0.691484469,0.5344259179999999,1.113187052,4.639951034,0.149028398,0.115179215,0.23991353399999998,0.264207613,0.504121147,0.12019257300000001,0.09289294099999999,0.21308551399999998,1.293882735,2.08295858,105,12600,6.09,26.11,22.94,3.3,5.05,16.67,2.61,6.54,5.88,116.23,228.53,197.63,30.9,69.52,159.01,16.61,0,1,0,46.092,1,10,3,0,escalate_MathematicaUniformRandom_1,0,1,1,22.94,62.9978022,3
2019-06-10T21_14_00.866379+00_00_LBL_E12,JMXLWMIFDJCGBV-UHFFFAOYSA-N,0.15902672199999998,0.269339322,1.3657882209999999,0,0,1,0.68289411,0.134669661,0.07951336099999999,5.539356263999999,0.12328041,0.024311428,0.01435426,0.147591838,0.161946098,0.12153585300000001,0.023967394,0.145503246,5.070883113,0.59043262,105,12600,6.09,26.11,22.94,3.3,5.05,16.67,2.61,6.54,5.88,116.23,228.53,197.63,30.9,69.52,159.01,16.61,0,1,0,46.092,1,10,3,0,escalate_MathematicaUniformRandom_1,0,1,1,22.94,62.9978022,1
2019-06-10T21_14_00.866379+00_00_LBL_G12,JMXLWMIFDJCGBV-UHFFFAOYSA-N,9.188918789,0.167609113,0.169795833,0,0,1,0.08472812099999999,0.083636947,4.585270476,4.036184862,0.020992131,0.020721783,1.13604075,0.041713914,1.177754664,0.009827589,0.009701024,0.019528613,1.013046547,54.82350345,105,12600,6.09,26.11,22.94,3.3,5.05,16.67,2.61,6.54,5.88,116.23,228.53,197.63,30.9,69.52,159.01,16.61,0,1,0,46.092,1,10,3,0,escalate_MathematicaUniformRandom_1,0,1,1,22.94,62.9978022,3
2019-06-10T21_14_00.866379+00_00_LBL_B12,JMXLWMIFDJCGBV-UHFFFAOYSA-N,0.6891157940000001,0.9809621629999999,1.313174419,0,0,1,0.65658721,0.490481082,0.34455789700000006,5.09518059,0.128864365,0.096263729,0.067624276,0.225128093,0.292752369,0.120701981,0.090166298,0.210868279,1.338659603,0.702489678,105,12600,6.09,26.11,22.94,3.3,5.05,16.67,2.61,6.54,5.88,116.23,228.53,197.63,30.9,69.52,159.01,16.61,0,1,0,46.092,1,10,3,0,escalate_MathematicaUniformRandom_1,0,1,1,22.94,62.9978022,1
2019-06-10T21_14_00.866379+00_00_LBL_D12,JMXLWMIFDJCGBV-UHFFFAOYSA-N,11.0479486,0.661913955,0.7322468409999999,0,0,1,0.365391174,0.33029506399999997,5.512926352000001,3.038124612,0.120268659,0.10871676,1.814582039,0.228985419,2.043567457,0.042730557,0.038626254,0.081356811,1.106256841,16.69091355,105,12600,6.09,26.11,22.94,3.3,5.05,16.67,2.61,6.54,5.88,116.23,228.53,197.63,30.9,69.52,159.01,16.61,0,1,0,46.092,1,10,3,0,escalate_MathematicaUniformRandom_1,0,1,1,22.94,62.9978022,4
2019-06-10T21_14_00.866379+00_00_LBL_F12,JMXLWMIFDJCGBV-UHFFFAOYSA-N,5.459917445,0.430942916,0.959942533,0,0,1,0.479971266,0.215471458,2.729958723,4.392347396,0.10927443199999999,0.049056105999999995,0.62152614,0.158330537,0.779856677,0.06738986799999999,0.030253046000000002,0.097642914,2.227539885,12.66969997,105,12600,6.09,26.11,22.94,3.3,5.05,16.67,2.61,6.54,5.88,116.23,228.53,197.63,30.9,69.52,159.01,16.61,0,1,0,46.092,1,10,3,0,escalate_MathematicaUniformRandom_1,0,1,1,22.94,62.9978022,3
2019-06-10T21_14_00.866379+00_00_LBL_H12,JMXLWMIFDJCGBV-UHFFFAOYSA-N,9.38257658,0.314701734,0.84988153,0,0,1,0.424940765,0.157350867,4.69128829,3.553226243,0.11959293800000001,0.044283943,1.320289779,0.163876881,1.484166659,0.051542242,0.019085522,0.070627765,2.700593729,29.81418771,105,12600,6.09,26.11,22.94,3.3,5.05,16.67,2.61,6.54,5.88,116.23,228.53,197.63,30.9,69.52,159.01,16.61,0,1,0,46.092,1,10,3,0,escalate_MathematicaUniformRandom_1,0,1,1,22.94,62.9978022,3
