8.335685859988432034e-01,-1.111882428117324739e+00,-5.078359555612254050e-01,-9.524199835873939923e-01,-4.693396640810578724e-01,1.381424385673473143e+00,-5.126046690102524783e-01,-1.111924216606870575e+00,8.246049604832442759e-01,-6.333837332295523259e-01,-3.610344538280498283e-01,-1.048541270449603546e+00,3.234351749639675089e-01,-6.789281159584902303e-01,2.592383283913154424e-01,-6.098331628852339259e-01,-8.874285727860345974e-01,-7.859228513607591227e-01,1.945998763008714105e+00,3.314365768131363854e+00,1.739491379197544707e-01,-2.119202199902565364e-01,-7.366333815415184727e-01,1.940548872732007213e-01,-6.336434944063692454e-01,1.466079247708419186e-01,-3.031129986824712685e-01,-9.823183937885265893e-01,-1.056169664711426925e+00,2.015088642870334068e-01,-9.149414280448356918e-01,-7.140701198179153497e-01,-6.016470669802954641e-01,-1.763083047552967741e+00,2.292771773482163322e+00,-7.720657386322262727e-01,-2.728600577855916920e-01,3.168020212555541004e+00,-2.717464881947029842e-01,1.623396644898180030e+00,4.171768979717321302e-01,-8.752667767539870081e-01,1.623396644898180030e+00,-5.910848894588599522e-01,5.050662230996993962e-01,-1.012978192547918876e+00,4.693396640810578169e-01,-4.693396640810578724e-01,-7.669213604740112711e-01,-1.716049437998772076e+00,-1.958171584908740659e+00
1.343470521867218714e+00,-1.103583365400212069e+00,-1.599338979883790923e+00,-9.524199835873939923e-01,-4.693396640810578724e-01,1.381424385673473143e+00,-1.598814337705197763e+00,-1.103316555968639756e+00,1.359495688901378729e+00,-3.995161174878725241e-01,-1.441028440711300762e+00,-1.041756173591233736e+00,4.946746684837133867e-01,-1.503909724813062843e+00,3.539365399673334300e-01,-1.244122608986479861e+00,-8.852305694964843763e-01,-1.255235931461566645e+00,-1.255837097629912691e-01,3.075172818670405928e+00,1.739491379197544707e-01,-2.119202199902565364e-01,-7.366333815415184727e-01,1.940548872732007213e-01,-6.336434944063692454e-01,1.466079247708419186e-01,-3.031129986824712685e-01,-9.823183937885265893e-01,-1.056169664711426925e+00,2.015088642870334068e-01,-9.149414280448356918e-01,-7.140701198179153497e-01,-6.016470669802954641e-01,-1.763083047552967741e+00,2.292771773482163322e+00,-7.720657386322262727e-01,-2.728600577855916920e-01,3.168020212555541004e+00,-2.717464881947029842e-01,1.623396644898180030e+00,4.171768979717321302e-01,-8.752667767539870081e-01,1.623396644898180030e+00,-5.910848894588599522e-01,5.050662230996993962e-01,-1.012978192547918876e+00,4.693396640810578169e-01,-4.693396640810578724e-01,-7.669213604740112711e-01,-1.716049437998772076e+00,-1.958171584908740659e+00
-5.619626624232182399e-01,-4.909063494566273667e-01,-1.399370780584339835e+00,-9.524199835873939923e-01,-4.693396640810578724e-01,1.381424385673473143e+00,-1.400034023266180760e+00,-4.921728077572439797e-01,-5.635638344683395751e-01,1.402549866801728440e+00,-1.343519658283672813e+00,-6.444808886974559003e-01,-4.437718528074486857e-01,-1.276775618767026721e+00,-5.575455357003595847e-01,-1.096663506035071567e+00,-4.646303050704433946e-01,-9.876802143833054437e-01,-2.441738830376114222e-01,-2.107143309813190313e-01,1.739491379197544707e-01,-2.119202199902565364e-01,-7.366333815415184727e-01,1.940548872732007213e-01,-6.336434944063692454e-01,1.466079247708419186e-01,-3.031129986824712685e-01,-9.823183937885265893e-01,-1.056169664711426925e+00,2.015088642870334068e-01,-9.149414280448356918e-01,-7.140701198179153497e-01,-6.016470669802954641e-01,-1.763083047552967741e+00,2.292771773482163322e+00,-7.720657386322262727e-01,-2.728600577855916920e-01,3.168020212555541004e+00,-2.717464881947029842e-01,1.623396644898180030e+00,4.171768979717321302e-01,-8.752667767539870081e-01,1.623396644898180030e+00,-5.910848894588599522e-01,5.050662230996993962e-01,-1.012978192547918876e+00,4.693396640810578169e-01,-4.693396640810578724e-01,-7.669213604740112711e-01,-1.716049437998772076e+00,-1.958171584908740659e+00
8.370262376956114636e-01,1.628227194778008868e-01,-1.222882933420225138e+00,-9.524199835873939923e-01,-4.693396640810578724e-01,1.381424385673473143e+00,-1.220073516335097752e+00,1.706168982411136459e-01,8.500759474363691615e-01,-3.241262215797656165e-01,-1.097089461206931293e+00,1.727586984250532309e-01,2.569075115474275806e-01,-7.744059427262978135e-01,1.844229967693500616e-01,-1.028831346024271953e+00,-1.572919298718447878e-01,-8.217612768442718041e-01,-2.488687218715112948e-01,-1.916993124981644647e-01,1.739491379197544707e-01,-2.119202199902565364e-01,-7.366333815415184727e-01,1.940548872732007213e-01,-6.336434944063692454e-01,1.466079247708419186e-01,-3.031129986824712685e-01,-9.823183937885265893e-01,-1.056169664711426925e+00,2.015088642870334068e-01,-9.149414280448356918e-01,-7.140701198179153497e-01,-6.016470669802954641e-01,-1.763083047552967741e+00,2.292771773482163322e+00,-7.720657386322262727e-01,-2.728600577855916920e-01,3.168020212555541004e+00,-2.717464881947029842e-01,1.623396644898180030e+00,4.171768979717321302e-01,-8.752667767539870081e-01,1.623396644898180030e+00,-5.910848894588599522e-01,5.050662230996993962e-01,-1.012978192547918876e+00,4.693396640810578169e-01,-4.693396640810578724e-01,-7.669213604740112711e-01,-1.716049437998772076e+00,-1.958171584908740659e+00
-8.956753288663111823e-01,-3.818063625819648199e-01,-8.993000854540948996e-01,-9.524199835873939923e-01,-4.693396640810578724e-01,1.381424385673473143e+00,-8.977279725116549258e-01,-3.802732436299345875e-01,-8.946866663004698905e-01,1.425901135619811466e+00,-1.024879240853024953e+00,-5.718640395847882640e-01,-5.424151183496793704e-01,-1.004746374025459410e+00,-6.306713152165905889e-01,-7.102880804421746186e-01,-3.345457163233868103e-01,-6.523493251973658813e-01,-2.155557137428618653e-01,-2.368931957487445672e-01,1.739491379197544707e-01,-2.119202199902565364e-01,-7.366333815415184727e-01,1.940548872732007213e-01,-6.336434944063692454e-01,1.466079247708419186e-01,-3.031129986824712685e-01,-9.823183937885265893e-01,-1.056169664711426925e+00,2.015088642870334068e-01,-9.149414280448356918e-01,-7.140701198179153497e-01,-6.016470669802954641e-01,-1.763083047552967741e+00,2.292771773482163322e+00,-7.720657386322262727e-01,-2.728600577855916920e-01,3.168020212555541004e+00,-2.717464881947029842e-01,1.623396644898180030e+00,4.171768979717321302e-01,-8.752667767539870081e-01,1.623396644898180030e+00,-5.910848894588599522e-01,5.050662230996993962e-01,-1.012978192547918876e+00,4.693396640810578169e-01,-4.693396640810578724e-01,1.303914653494498976e+00,-1.716049437998772076e+00,-1.958171584908740659e+00
-8.299772398536450213e-01,-1.458907698051270518e-01,4.098464180912736454e-01,-9.524199835873939923e-01,-4.693396640810578724e-01,1.381424385673473143e+00,4.056888835144524807e-01,-1.478664668219302758e-01,-8.310091986774066353e-01,3.885548176342403792e-01,9.742997474413053749e-02,-2.732261258937908610e-01,-4.890402664550040357e-01,-3.016379876767411386e-02,-4.885651341116101221e-01,4.695190626320789873e-01,-4.820195522102220520e-02,3.298742702608531419e-01,-1.641416758476880733e-01,-2.403398925780627360e-01,1.739491379197544707e-01,-2.119202199902565364e-01,-7.366333815415184727e-01,1.940548872732007213e-01,-6.336434944063692454e-01,1.466079247708419186e-01,-3.031129986824712685e-01,-9.823183937885265893e-01,-1.056169664711426925e+00,2.015088642870334068e-01,-9.149414280448356918e-01,-7.140701198179153497e-01,-6.016470669802954641e-01,-1.763083047552967741e+00,2.292771773482163322e+00,-7.720657386322262727e-01,-2.728600577855916920e-01,3.168020212555541004e+00,-2.717464881947029842e-01,1.623396644898180030e+00,4.171768979717321302e-01,-8.752667767539870081e-01,1.623396644898180030e+00,-5.910848894588599522e-01,5.050662230996993962e-01,-1.012978192547918876e+00,4.693396640810578169e-01,-4.693396640810578724e-01,1.303914653494498976e+00,-1.716049437998772076e+00,-1.958171584908740659e+00
-2.278542242828504316e-01,8.067990824440963715e-01,-6.172041655333182497e-01,-9.524199835873939923e-01,-4.693396640810578724e-01,1.381424385673473143e+00,-6.215428961779692063e-01,7.989759677289711703e-01,-2.324410026362094817e-01,2.670746553233707132e-01,-6.769525336941812910e-01,5.352463377916155673e-01,-2.630134927099644360e-01,-3.133925382153913142e-01,-2.899215093587668712e-01,-5.449949080211872188e-01,4.839249145347780945e-01,-2.218694485435339925e-01,-2.397176277485059959e-01,-2.384468469246682487e-01,1.739491379197544707e-01,-2.119202199902565364e-01,-7.366333815415184727e-01,1.940548872732007213e-01,-6.336434944063692454e-01,1.466079247708419186e-01,-3.031129986824712685e-01,-9.823183937885265893e-01,-1.056169664711426925e+00,2.015088642870334068e-01,-9.149414280448356918e-01,-7.140701198179153497e-01,-6.016470669802954641e-01,-1.763083047552967741e+00,2.292771773482163322e+00,-7.720657386322262727e-01,-2.728600577855916920e-01,3.168020212555541004e+00,-2.717464881947029842e-01,1.623396644898180030e+00,4.171768979717321302e-01,-8.752667767539870081e-01,1.623396644898180030e+00,-5.910848894588599522e-01,5.050662230996993962e-01,-1.012978192547918876e+00,4.693396640810578169e-01,-4.693396640810578724e-01,-7.669213604740112711e-01,-1.716049437998772076e+00,-1.958171584908740659e+00
8.546858180058586330e-01,-2.407700553423070267e-01,-1.291234592677102277e+00,-9.524199835873939923e-01,-4.693396640810578724e-01,1.381424385673473143e+00,-1.292106688059625030e+00,-2.425507096727781975e-01,8.500759474363691615e-01,-2.588497433041159757e-01,-1.168782289243367023e+00,-2.349870392032528676e-01,2.419125895238240787e-01,-9.857746342814835971e-01,1.502065102017935139e-01,-1.070278050877998988e+00,-3.963834175010822469e-01,-9.424440668720581726e-01,-2.445994140433107866e-01,-1.587318631629968946e-01,1.739491379197544707e-01,-2.119202199902565364e-01,-7.366333815415184727e-01,1.940548872732007213e-01,-6.336434944063692454e-01,1.466079247708419186e-01,-3.031129986824712685e-01,-9.823183937885265893e-01,-1.056169664711426925e+00,2.015088642870334068e-01,-9.149414280448356918e-01,-7.140701198179153497e-01,-6.016470669802954641e-01,-1.763083047552967741e+00,2.292771773482163322e+00,-7.720657386322262727e-01,-2.728600577855916920e-01,3.168020212555541004e+00,-2.717464881947029842e-01,1.623396644898180030e+00,4.171768979717321302e-01,-8.752667767539870081e-01,1.623396644898180030e+00,-5.910848894588599522e-01,5.050662230996993962e-01,-1.012978192547918876e+00,4.693396640810578169e-01,-4.693396640810578724e-01,-7.669213604740112711e-01,-1.716049437998772076e+00,-1.958171584908740659e+00
-9.846568817736994772e-01,1.001337672827453895e+00,-1.013496069608978978e+00,-9.524199835873939923e-01,-4.693396640810578724e-01,1.381424385673473143e+00,-1.012160215391156637e+00,1.005559768664705533e+00,-9.838351208766575873e-01,1.363535996713936216e+00,-1.092869265075878005e+00,3.646227515419739884e-01,-5.674823255415814005e-01,-6.975635260898015444e-01,-6.274940384893846756e-01,-7.735887267060503891e-01,7.692676298606485608e-01,-2.839399162374279251e-01,-2.510720995871049133e-01,-2.556109353973206044e-01,1.739491379197544707e-01,-2.119202199902565364e-01,-7.366333815415184727e-01,1.940548872732007213e-01,-6.336434944063692454e-01,1.466079247708419186e-01,-3.031129986824712685e-01,-9.823183937885265893e-01,-1.056169664711426925e+00,2.015088642870334068e-01,-9.149414280448356918e-01,-7.140701198179153497e-01,-6.016470669802954641e-01,-1.763083047552967741e+00,2.292771773482163322e+00,-7.720657386322262727e-01,-2.728600577855916920e-01,3.168020212555541004e+00,-2.717464881947029842e-01,1.623396644898180030e+00,4.171768979717321302e-01,-8.752667767539870081e-01,1.623396644898180030e+00,-5.910848894588599522e-01,5.050662230996993962e-01,-1.012978192547918876e+00,4.693396640810578169e-01,-4.693396640810578724e-01,1.303914653494498976e+00,-1.716049437998772076e+00,-1.958171584908740659e+00
-1.009368330098465716e+00,3.600055701405440178e-01,-1.039656294614605736e+00,-9.524199835873939923e-01,-4.693396640810578724e-01,1.381424385673473143e+00,-1.039694423120184563e+00,3.599853839428094893e-01,-1.009306108310286110e+00,1.507668741721358119e+00,-1.121019467025613281e+00,-9.385085995544341364e-02,-5.776979421270178605e-01,-8.950278017045334433e-01,-6.556918405842588893e-01,-8.009671484458078528e-01,2.503511574437295994e-01,-4.994840535848282248e-01,-2.453025184385299318e-01,-2.530877027486421738e-01,1.739491379197544707e-01,-2.119202199902565364e-01,-7.366333815415184727e-01,1.940548872732007213e-01,-6.336434944063692454e-01,1.466079247708419186e-01,-3.031129986824712685e-01,-9.823183937885265893e-01,-1.056169664711426925e+00,2.015088642870334068e-01,-9.149414280448356918e-01,-7.140701198179153497e-01,-6.016470669802954641e-01,-1.763083047552967741e+00,2.292771773482163322e+00,-7.720657386322262727e-01,-2.728600577855916920e-01,3.168020212555541004e+00,-2.717464881947029842e-01,1.623396644898180030e+00,4.171768979717321302e-01,-8.752667767539870081e-01,1.623396644898180030e+00,-5.910848894588599522e-01,5.050662230996993962e-01,-1.012978192547918876e+00,4.693396640810578169e-01,-4.693396640810578724e-01,1.303914653494498976e+00,-1.716049437998772076e+00,-1.958171584908740659e+00
3.731924272616516935e-01,-9.649563668788313509e-01,-1.131425079023972602e+00,-9.524199835873939923e-01,-4.693396640810578724e-01,1.381424385673473143e+00,-1.133742138355322115e+00,-9.655940220114833661e-01,3.661271934049878385e-01,2.709915741354878560e-01,-1.084901304928818755e+00,-9.321940711495477760e-01,-4.259821573953394280e-02,-1.188980889925981277e+00,-1.509983776442570536e-01,-9.630770327143102216e-01,-7.990257859257743345e-01,-1.014486834327126719e+00,-1.082965124864712497e-01,1.611787077030560622e-01,1.739491379197544707e-01,-2.119202199902565364e-01,-7.366333815415184727e-01,1.940548872732007213e-01,-6.336434944063692454e-01,1.466079247708419186e-01,-3.031129986824712685e-01,-9.823183937885265893e-01,-1.056169664711426925e+00,2.015088642870334068e-01,-9.149414280448356918e-01,-7.140701198179153497e-01,-6.016470669802954641e-01,-1.763083047552967741e+00,2.292771773482163322e+00,-7.720657386322262727e-01,-2.728600577855916920e-01,3.168020212555541004e+00,-2.717464881947029842e-01,1.623396644898180030e+00,4.171768979717321302e-01,-8.752667767539870081e-01,1.623396644898180030e+00,-5.910848894588599522e-01,5.050662230996993962e-01,-1.012978192547918876e+00,4.693396640810578169e-01,-4.693396640810578724e-01,-7.669213604740112711e-01,-1.716049437998772076e+00,-1.958171584908740659e+00
-1.150338811564137087e+00,-4.690507783553661825e-01,6.431486564846450316e-02,-9.524199835873939923e-01,-4.693396640810578724e-01,1.381424385673473143e+00,7.140854863778996198e-02,-4.663498318849743640e-01,-1.149396537273226659e+00,1.063671504340335749e+00,-3.331662358065687335e-01,-5.991763086247292591e-01,-6.132761677461699978e-01,-4.851744413360284391e-01,-6.535712584289600224e-01,1.992224848702150442e-01,-3.193572711446400758e-01,2.750166527813754577e-02,-1.395464460228587333e-01,-2.495291869455905365e-01,1.739491379197544707e-01,-2.119202199902565364e-01,-7.366333815415184727e-01,1.940548872732007213e-01,-6.336434944063692454e-01,1.466079247708419186e-01,-3.031129986824712685e-01,-9.823183937885265893e-01,-1.056169664711426925e+00,2.015088642870334068e-01,-9.149414280448356918e-01,-7.140701198179153497e-01,-6.016470669802954641e-01,-1.763083047552967741e+00,2.292771773482163322e+00,-7.720657386322262727e-01,-2.728600577855916920e-01,3.168020212555541004e+00,-2.717464881947029842e-01,1.623396644898180030e+00,4.171768979717321302e-01,-8.752667767539870081e-01,1.623396644898180030e+00,-5.910848894588599522e-01,5.050662230996993962e-01,-1.012978192547918876e+00,4.693396640810578169e-01,-4.693396640810578724e-01,-7.669213604740112711e-01,-1.716049437998772076e+00,-1.958171584908740659e+00
-3.659015083645986155e-02,1.371523269882188589e-01,-3.131700663215730707e-01,-9.524199835873939923e-01,-4.693396640810578724e-01,1.381424385673473143e+00,-3.048394484374046254e-01,1.447939223688440857e-01,-2.867310605020558650e-02,8.104550162989934345e-03,-3.588984511476898676e-01,5.473118488437528351e-02,-1.584180321089041499e-01,-2.540214122102772976e-01,-1.805904133145201373e-01,-3.510562544945323715e-01,-9.181594167169741111e-03,-2.636602697694778730e-01,-2.141660930949903507e-01,-2.191569278065820803e-01,1.739491379197544707e-01,-2.119202199902565364e-01,-7.366333815415184727e-01,1.940548872732007213e-01,-6.336434944063692454e-01,1.466079247708419186e-01,-3.031129986824712685e-01,-9.823183937885265893e-01,-1.056169664711426925e+00,2.015088642870334068e-01,-9.149414280448356918e-01,-7.140701198179153497e-01,-6.016470669802954641e-01,-1.763083047552967741e+00,2.292771773482163322e+00,-7.720657386322262727e-01,-2.728600577855916920e-01,3.168020212555541004e+00,-2.717464881947029842e-01,1.623396644898180030e+00,4.171768979717321302e-01,-8.752667767539870081e-01,1.623396644898180030e+00,-5.910848894588599522e-01,5.050662230996993962e-01,-1.012978192547918876e+00,4.693396640810578169e-01,-4.693396640810578724e-01,-7.669213604740112711e-01,-1.716049437998772076e+00,-1.958171584908740659e+00
-9.473575569757273218e-01,4.826458254826729855e-01,-7.350566930912556529e-01,-9.524199835873939923e-01,-4.693396640810578724e-01,1.381424385673473143e+00,-7.312156765955478699e-01,4.891002633041577341e-01,-9.456286406872227435e-01,1.230709670420079282e+00,-8.974314973227625059e-01,4.371308134492532527e-02,-5.531017248435777800e-01,-6.709190612709199364e-01,-6.107729826583772059e-01,-5.556295505192534456e-01,3.755577450328350109e-01,-2.705268838728605574e-01,-2.378590253558836298e-01,-2.522338691298164348e-01,1.739491379197544707e-01,-2.119202199902565364e-01,-7.366333815415184727e-01,1.940548872732007213e-01,-6.336434944063692454e-01,1.466079247708419186e-01,-3.031129986824712685e-01,-9.823183937885265893e-01,-1.056169664711426925e+00,2.015088642870334068e-01,-9.149414280448356918e-01,-7.140701198179153497e-01,-6.016470669802954641e-01,-1.763083047552967741e+00,2.292771773482163322e+00,-7.720657386322262727e-01,-2.728600577855916920e-01,3.168020212555541004e+00,-2.717464881947029842e-01,1.623396644898180030e+00,4.171768979717321302e-01,-8.752667767539870081e-01,1.623396644898180030e+00,-5.910848894588599522e-01,5.050662230996993962e-01,-1.012978192547918876e+00,4.693396640810578169e-01,-4.693396640810578724e-01,-7.669213604740112711e-01,-1.716049437998772076e+00,-1.958171584908740659e+00
1.153431339584868875e-01,-3.078011619666095045e-01,3.742216579883661520e-02,-9.524199835873939923e-01,-4.693396640810578724e-01,1.381424385673473143e+00,4.788058832683180638e-02,-3.028043160131256295e-01,1.241528161490454002e-01,-3.252302411645093816e-01,6.068098062391907160e-02,-2.785957537399659234e-01,-5.030336504768726652e-02,-6.038410827745909620e-02,-5.549044086034538026e-02,-1.140958250560042686e-01,-3.217662386267571839e-01,-2.056386300773725140e-01,-1.657719879609346469e-01,-1.878650250956172829e-01,1.739491379197544707e-01,-2.119202199902565364e-01,-7.366333815415184727e-01,1.940548872732007213e-01,-6.336434944063692454e-01,1.466079247708419186e-01,-3.031129986824712685e-01,-9.823183937885265893e-01,-1.056169664711426925e+00,2.015088642870334068e-01,-9.149414280448356918e-01,-7.140701198179153497e-01,-6.016470669802954641e-01,-1.763083047552967741e+00,2.292771773482163322e+00,-7.720657386322262727e-01,-2.728600577855916920e-01,3.168020212555541004e+00,-2.717464881947029842e-01,1.623396644898180030e+00,4.171768979717321302e-01,-8.752667767539870081e-01,1.623396644898180030e+00,-5.910848894588599522e-01,5.050662230996993962e-01,-1.012978192547918876e+00,4.693396640810578169e-01,-4.693396640810578724e-01,-7.669213604740112711e-01,-1.716049437998772076e+00,-1.958171584908740659e+00
-3.024479245550257267e-01,-1.016569166685697967e+00,-1.459669604290428024e+00,-9.524199835873939923e-01,-4.693396640810578724e-01,1.381424385673473143e+00,-1.461175940602148948e+00,-1.017239973756022708e+00,-3.088539639760867206e-01,1.229224654375752568e+00,-1.377822505093633243e+00,-9.923191862959953591e-01,-3.585891266615107154e-01,-1.436509400817767457e+00,-4.875266868279605204e-01,-1.144785557176318802e+00,-8.250760144156132903e-01,-1.158972408675408960e+00,-1.712713025400399158e-01,1.068031673113876423e-01,1.739491379197544707e-01,-2.119202199902565364e-01,-7.366333815415184727e-01,1.940548872732007213e-01,-6.336434944063692454e-01,1.466079247708419186e-01,-3.031129986824712685e-01,-9.823183937885265893e-01,-1.056169664711426925e+00,2.015088642870334068e-01,-9.149414280448356918e-01,-7.140701198179153497e-01,-6.016470669802954641e-01,-1.763083047552967741e+00,2.292771773482163322e+00,-7.720657386322262727e-01,-2.728600577855916920e-01,3.168020212555541004e+00,-2.717464881947029842e-01,1.623396644898180030e+00,4.171768979717321302e-01,-8.752667767539870081e-01,1.623396644898180030e+00,-5.910848894588599522e-01,5.050662230996993962e-01,-1.012978192547918876e+00,4.693396640810578169e-01,-4.693396640810578724e-01,1.303914653494498976e+00,-1.716049437998772076e+00,-1.958171584908740659e+00
-7.558471740572764164e-01,1.533976992087315638e+00,-4.445011840018795457e-01,-9.524199835873939923e-01,-4.693396640810578724e-01,1.381424385673473143e+00,-4.419881402124705150e-01,1.539234595301715469e+00,-7.545962373375292298e-01,6.275643760958349304e-01,-6.066457613927701553e-01,9.893822778729954859e-01,-4.721279132369247677e-01,-8.528839310125994888e-02,-4.768033632590641946e-01,-3.086717195133968361e-01,1.258750547039859446e+00,2.448362468958708293e-01,-2.438981772498608758e-01,-2.534982017916789787e-01,1.739491379197544707e-01,-2.119202199902565364e-01,-7.366333815415184727e-01,1.940548872732007213e-01,-6.336434944063692454e-01,1.466079247708419186e-01,-3.031129986824712685e-01,-9.823183937885265893e-01,-1.056169664711426925e+00,2.015088642870334068e-01,-9.149414280448356918e-01,-7.140701198179153497e-01,-6.016470669802954641e-01,-1.763083047552967741e+00,2.292771773482163322e+00,-7.720657386322262727e-01,-2.728600577855916920e-01,3.168020212555541004e+00,-2.717464881947029842e-01,1.623396644898180030e+00,4.171768979717321302e-01,-8.752667767539870081e-01,1.623396644898180030e+00,-5.910848894588599522e-01,5.050662230996993962e-01,-1.012978192547918876e+00,4.693396640810578169e-01,-4.693396640810578724e-01,1.303914653494498976e+00,-1.716049437998772076e+00,-1.958171584908740659e+00
-3.173718107239946740e-01,-3.167531539329833112e-01,-4.644091736721012165e-01,-9.524199835873939923e-01,-4.693396640810578724e-01,1.381424385673473143e+00,-4.693486190637725652e-01,-3.200196372895871555e-01,-3.215894572123971784e-01,4.521223301033243103e-01,-5.936223683961026065e-01,-4.214860029571624866e-01,-3.107969827038578603e-01,-6.165876311393233555e-01,-3.651034658192436333e-01,-4.374952401341291597e-01,-3.160625355691401017e-01,-4.431985986731884486e-01,-1.940956020923139402e-01,-2.092693209478674043e-01,1.739491379197544707e-01,-2.119202199902565364e-01,-7.366333815415184727e-01,1.940548872732007213e-01,-6.336434944063692454e-01,1.466079247708419186e-01,-3.031129986824712685e-01,-9.823183937885265893e-01,-1.056169664711426925e+00,2.015088642870334068e-01,-9.149414280448356918e-01,-7.140701198179153497e-01,-6.016470669802954641e-01,-1.763083047552967741e+00,2.292771773482163322e+00,-7.720657386322262727e-01,-2.728600577855916920e-01,3.168020212555541004e+00,-2.717464881947029842e-01,1.623396644898180030e+00,4.171768979717321302e-01,-8.752667767539870081e-01,1.623396644898180030e+00,-5.910848894588599522e-01,5.050662230996993962e-01,-1.012978192547918876e+00,4.693396640810578169e-01,-4.693396640810578724e-01,-7.669213604740112711e-01,-1.716049437998772076e+00,-1.958171584908740659e+00
-4.906497342719460253e-01,3.797597050872652535e-01,-8.330465640396936822e-01,-9.524199835873939923e-01,-4.693396640810578724e-01,1.381424385673473143e+00,-8.296042711701868688e-01,3.858083598150792159e-01,-4.871508731284622251e-01,8.157190480795266652e-01,-9.161290940124042770e-01,5.695648276445810371e-02,-3.915332412209135415e-01,-6.801659346946413720e-01,-4.511176261376014796e-01,-6.876461733190250003e-01,1.915076310644604207e-01,-4.376305589984247346e-01,-2.390248376211039361e-01,-2.388040793349921198e-01,1.739491379197544707e-01,-2.119202199902565364e-01,-7.366333815415184727e-01,1.940548872732007213e-01,-6.336434944063692454e-01,1.466079247708419186e-01,-3.031129986824712685e-01,-9.823183937885265893e-01,-1.056169664711426925e+00,2.015088642870334068e-01,-9.149414280448356918e-01,-7.140701198179153497e-01,-6.016470669802954641e-01,-1.763083047552967741e+00,2.292771773482163322e+00,-7.720657386322262727e-01,-2.728600577855916920e-01,3.168020212555541004e+00,-2.717464881947029842e-01,1.623396644898180030e+00,4.171768979717321302e-01,-8.752667767539870081e-01,1.623396644898180030e+00,-5.910848894588599522e-01,5.050662230996993962e-01,-1.012978192547918876e+00,4.693396640810578169e-01,-4.693396640810578724e-01,-7.669213604740112711e-01,-1.716049437998772076e+00,-1.958171584908740659e+00
-3.659015083645986155e-02,1.001388912408293530e+00,-6.208888814713009463e-01,-9.524199835873939923e-01,-4.693396640810578724e-01,1.381424385673473143e+00,-6.144258607968050567e-01,1.014167429302936796e+00,-2.867310605020558650e-02,7.209275050862155865e-02,-6.331598211928980424e-01,7.932015465133450682e-01,-1.659968997588256168e-01,-1.808703939994081855e-01,-1.814326405853186885e-01,-5.666712345079648605e-01,5.835958722922206521e-01,-2.004332426743292150e-01,-2.422377169490879667e-01,-2.369215585485721920e-01,1.739491379197544707e-01,-2.119202199902565364e-01,-7.366333815415184727e-01,1.940548872732007213e-01,-6.336434944063692454e-01,1.466079247708419186e-01,-3.031129986824712685e-01,-9.823183937885265893e-01,-1.056169664711426925e+00,2.015088642870334068e-01,-9.149414280448356918e-01,-7.140701198179153497e-01,-6.016470669802954641e-01,-1.763083047552967741e+00,2.292771773482163322e+00,-7.720657386322262727e-01,-2.728600577855916920e-01,3.168020212555541004e+00,-2.717464881947029842e-01,1.623396644898180030e+00,4.171768979717321302e-01,-8.752667767539870081e-01,1.623396644898180030e+00,-5.910848894588599522e-01,5.050662230996993962e-01,-1.012978192547918876e+00,4.693396640810578169e-01,-4.693396640810578724e-01,-7.669213604740112711e-01,-1.716049437998772076e+00,-1.958171584908740659e+00
-6.541539707345468413e-01,4.515164431619238528e-01,-2.537223111235517026e-01,-9.524199835873939923e-01,-4.693396640810578724e-01,1.381424385673473143e+00,-2.508145664826006982e-01,4.546696267936574110e-01,-6.527122890445272718e-01,5.711350901049084827e-01,-4.532798342014698889e-01,1.670183775985543406e-01,-4.344418024004778056e-01,-2.832656668930147448e-01,-4.574629378998250062e-01,-1.888640957270431298e-01,3.490801302062568889e-01,-8.640235045417301446e-03,-2.227190695568625201e-01,-2.442406941714442836e-01,1.739491379197544707e-01,-2.119202199902565364e-01,-7.366333815415184727e-01,1.940548872732007213e-01,-6.336434944063692454e-01,1.466079247708419186e-01,-3.031129986824712685e-01,-9.823183937885265893e-01,-1.056169664711426925e+00,2.015088642870334068e-01,-9.149414280448356918e-01,-7.140701198179153497e-01,-6.016470669802954641e-01,-1.763083047552967741e+00,2.292771773482163322e+00,-7.720657386322262727e-01,-2.728600577855916920e-01,3.168020212555541004e+00,-2.717464881947029842e-01,1.623396644898180030e+00,4.171768979717321302e-01,-8.752667767539870081e-01,1.623396644898180030e+00,-5.910848894588599522e-01,5.050662230996993962e-01,-1.012978192547918876e+00,4.693396640810578169e-01,-4.693396640810578724e-01,-7.669213604740112711e-01,-1.716049437998772076e+00,-1.958171584908740659e+00
-1.086350085096429163e+00,2.367425238131364018e-01,-9.087097595384509008e-01,-9.524199835873939923e-01,-4.693396640810578724e-01,1.381424385673473143e+00,-9.071571134359487365e-01,2.394781652196920074e-01,-1.085719069169659656e+00,1.534279412358487971e+00,-1.040166732723544207e+00,-1.768974875293544691e-01,-6.002937619357145982e-01,-8.649322552394739239e-01,-6.753873552613895992e-01,-6.887969371993942769e-01,1.811497028647005847e-01,-4.423808584410329758e-01,-2.388148518889413596e-01,-2.545490389885468052e-01,1.739491379197544707e-01,-2.119202199902565364e-01,-7.366333815415184727e-01,1.940548872732007213e-01,-6.336434944063692454e-01,1.466079247708419186e-01,-3.031129986824712685e-01,-9.823183937885265893e-01,-1.056169664711426925e+00,2.015088642870334068e-01,-9.149414280448356918e-01,-7.140701198179153497e-01,-6.016470669802954641e-01,-1.763083047552967741e+00,2.292771773482163322e+00,-7.720657386322262727e-01,-2.728600577855916920e-01,3.168020212555541004e+00,-2.717464881947029842e-01,1.623396644898180030e+00,4.171768979717321302e-01,-8.752667767539870081e-01,1.623396644898180030e+00,-5.910848894588599522e-01,5.050662230996993962e-01,-1.012978192547918876e+00,4.693396640810578169e-01,-4.693396640810578724e-01,1.303914653494498976e+00,-1.716049437998772076e+00,-1.958171584908740659e+00
1.711068841143858821e+00,-8.650774500170327341e-01,-1.476515890303044864e+00,-9.524199835873939923e-01,-4.693396640810578724e-01,1.381424385673473143e+00,-1.474353652027204697e+00,-8.623021185224047924e-01,1.741560495120261676e+00,-9.164166716067825291e-01,-1.293650297125398696e+00,-7.670864842054702093e-01,8.617968868296448370e-01,-1.285598971207584817e+00,7.385874816334498938e-01,-1.186252954606093590e+00,-7.670571270717498891e-01,-1.167877763662916957e+00,-2.271459937121807493e-01,2.126571903124559182e-01,1.739491379197544707e-01,-2.119202199902565364e-01,-7.366333815415184727e-01,1.940548872732007213e-01,-6.336434944063692454e-01,1.466079247708419186e-01,-3.031129986824712685e-01,-9.823183937885265893e-01,-1.056169664711426925e+00,2.015088642870334068e-01,-9.149414280448356918e-01,-7.140701198179153497e-01,-6.016470669802954641e-01,-1.763083047552967741e+00,2.292771773482163322e+00,-7.720657386322262727e-01,-2.728600577855916920e-01,3.168020212555541004e+00,-2.717464881947029842e-01,1.623396644898180030e+00,4.171768979717321302e-01,-8.752667767539870081e-01,1.623396644898180030e+00,-5.910848894588599522e-01,5.050662230996993962e-01,-1.012978192547918876e+00,4.693396640810578169e-01,-4.693396640810578724e-01,1.303914653494498976e+00,-1.716049437998772076e+00,-1.958171584908740659e+00
-9.210986296969937426e-01,9.069625817254006739e-02,2.479643848882035762e-01,-9.524199835873939923e-01,-4.693396640810578724e-01,1.381424385673473143e+00,2.519100673943467927e-01,9.314797062430482666e-02,-9.201576532535943320e-01,5.783917295257530178e-01,-8.014859909766189339e-02,-1.164202635232171046e-01,-5.272874369136251183e-01,-1.060813481666746105e-01,-5.334989385058819256e-01,3.434680263866327632e-01,1.616588406138501910e-01,3.154079444643929087e-01,-1.901991429189576199e-01,-2.478565089731575022e-01,1.739491379197544707e-01,-2.119202199902565364e-01,-7.366333815415184727e-01,1.940548872732007213e-01,-6.336434944063692454e-01,1.466079247708419186e-01,-3.031129986824712685e-01,-9.823183937885265893e-01,-1.056169664711426925e+00,2.015088642870334068e-01,-9.149414280448356918e-01,-7.140701198179153497e-01,-6.016470669802954641e-01,-1.763083047552967741e+00,2.292771773482163322e+00,-7.720657386322262727e-01,-2.728600577855916920e-01,3.168020212555541004e+00,-2.717464881947029842e-01,1.623396644898180030e+00,4.171768979717321302e-01,-8.752667767539870081e-01,1.623396644898180030e+00,-5.910848894588599522e-01,5.050662230996993962e-01,-1.012978192547918876e+00,4.693396640810578169e-01,-4.693396640810578724e-01,-7.669213604740112711e-01,-1.716049437998772076e+00,-1.958171584908740659e+00
-7.063173171820257279e-01,1.022797953781840130e+00,-7.440435120310209260e-01,-9.524199835873939923e-01,-4.693396640810578724e-01,1.381424385673473143e+00,-7.402390633928489505e-01,1.031382744536975427e+00,-7.036542634312801248e-01,8.792535942268242533e-01,-8.608802850175713006e-01,5.170862104287562433e-01,-4.656130100733973931e-01,-4.613009885792304643e-01,-5.047018739218011030e-01,-5.833298227494642108e-01,7.531478857817078820e-01,-1.489839079920604603e-01,-2.452220908616168649e-01,-2.502529751360189070e-01,1.739491379197544707e-01,-2.119202199902565364e-01,-7.366333815415184727e-01,1.940548872732007213e-01,-6.336434944063692454e-01,1.466079247708419186e-01,-3.031129986824712685e-01,-9.823183937885265893e-01,-1.056169664711426925e+00,2.015088642870334068e-01,-9.149414280448356918e-01,-7.140701198179153497e-01,-6.016470669802954641e-01,-1.763083047552967741e+00,2.292771773482163322e+00,-7.720657386322262727e-01,-2.728600577855916920e-01,3.168020212555541004e+00,-2.717464881947029842e-01,1.623396644898180030e+00,4.171768979717321302e-01,-8.752667767539870081e-01,1.623396644898180030e+00,-5.910848894588599522e-01,5.050662230996993962e-01,-1.012978192547918876e+00,4.693396640810578169e-01,-4.693396640810578724e-01,-7.669213604740112711e-01,-1.716049437998772076e+00,-1.958171584908740659e+00
1.603450277032768101e+00,7.836489679118431306e-01,-1.212781715594007936e+00,-9.524199835873939923e-01,-4.693396640810578724e-01,1.381424385673473143e+00,-1.208937407701842881e+00,7.989759677289711703e-01,1.626941053110445567e+00,-1.274591311752480971e+00,-9.482195111823398248e-01,1.344233069694879656e+00,9.783345774737819411e-01,-2.108933800138907133e-01,9.525910145335587664e-01,-1.044617069202699033e+00,1.114729468790523204e-01,-7.323344713987530730e-01,-2.543157054240553494e-01,-1.979573736722629873e-01,1.739491379197544707e-01,-2.119202199902565364e-01,-7.366333815415184727e-01,1.940548872732007213e-01,-6.336434944063692454e-01,1.466079247708419186e-01,-3.031129986824712685e-01,-9.823183937885265893e-01,-1.056169664711426925e+00,2.015088642870334068e-01,-9.149414280448356918e-01,-7.140701198179153497e-01,-6.016470669802954641e-01,-1.763083047552967741e+00,2.292771773482163322e+00,-7.720657386322262727e-01,-2.728600577855916920e-01,3.168020212555541004e+00,-2.717464881947029842e-01,1.623396644898180030e+00,4.171768979717321302e-01,-8.752667767539870081e-01,1.623396644898180030e+00,-5.910848894588599522e-01,5.050662230996993962e-01,-1.012978192547918876e+00,4.693396640810578169e-01,-4.693396640810578724e-01,-7.669213604740112711e-01,-1.716049437998772076e+00,-1.958171584908740659e+00
-1.036161855707980584e+00,-4.604769362479904649e-01,-1.553668958442578074e-01,-9.524199835873939923e-01,-4.693396640810578724e-01,1.381424385673473143e+00,-1.491671035737742457e-01,-4.577421712467436010e-01,-1.034777095263410551e+00,1.089306428720798303e+00,-4.877892717954522839e-01,-5.953481088305985214e-01,-5.776900657063740452e-01,-6.021912928083559269e-01,-6.289165756899764981e-01,-4.655853789951349547e-02,-3.389148065832555679e-01,-1.620319317963032912e-01,-1.567663124303395050e-01,-2.425926825348266869e-01,1.739491379197544707e-01,-2.119202199902565364e-01,-7.366333815415184727e-01,1.940548872732007213e-01,-6.336434944063692454e-01,1.466079247708419186e-01,-3.031129986824712685e-01,-9.823183937885265893e-01,-1.056169664711426925e+00,2.015088642870334068e-01,-9.149414280448356918e-01,-7.140701198179153497e-01,-6.016470669802954641e-01,-1.763083047552967741e+00,2.292771773482163322e+00,-7.720657386322262727e-01,-2.728600577855916920e-01,3.168020212555541004e+00,-2.717464881947029842e-01,1.623396644898180030e+00,4.171768979717321302e-01,-8.752667767539870081e-01,1.623396644898180030e+00,-5.910848894588599522e-01,5.050662230996993962e-01,-1.012978192547918876e+00,4.693396640810578169e-01,-4.693396640810578724e-01,-7.669213604740112711e-01,-1.716049437998772076e+00,-1.958171584908740659e+00
5.420274669913560661e-01,-5.912620702722161115e-01,-6.269777954500109773e-01,-9.524199835873939923e-01,-4.693396640810578724e-01,1.381424385673473143e+00,-6.184064533854254364e-01,-5.868570506080917903e-01,5.571595962741775487e-01,-2.752476729860485194e-01,-5.597712020101544006e-01,-5.560716238320061455e-01,1.230920922782203497e-01,-6.422816555561081664e-01,6.356917983351136059e-02,-6.528608592945530642e-01,-5.661179563826681527e-01,-6.969167839436438694e-01,-1.720430524184559939e-01,-1.159081253860379940e-01,1.739491379197544707e-01,-2.119202199902565364e-01,-7.366333815415184727e-01,1.940548872732007213e-01,-6.336434944063692454e-01,1.466079247708419186e-01,-3.031129986824712685e-01,-9.823183937885265893e-01,-1.056169664711426925e+00,2.015088642870334068e-01,-9.149414280448356918e-01,-7.140701198179153497e-01,-6.016470669802954641e-01,-1.763083047552967741e+00,2.292771773482163322e+00,-7.720657386322262727e-01,-2.728600577855916920e-01,3.168020212555541004e+00,-2.717464881947029842e-01,1.623396644898180030e+00,4.171768979717321302e-01,-8.752667767539870081e-01,1.623396644898180030e+00,-5.910848894588599522e-01,5.050662230996993962e-01,-1.012978192547918876e+00,4.693396640810578169e-01,-4.693396640810578724e-01,-7.669213604740112711e-01,-1.716049437998772076e+00,-1.958171584908740659e+00
1.030203652240139878e+00,5.768890954549802386e-01,-1.036761555586419581e+00,-9.524199835873939923e-01,-4.693396640810578724e-01,1.381424385673473143e+00,-1.040776437286907274e+00,5.665691909209665811e-01,1.015637363352434486e+00,-7.804004648653705134e-01,-8.564294511247686481e-01,7.586057863335518014e-01,4.561437547740971321e-01,-3.652315214083117767e-01,4.197439733944808293e-01,-9.262256984013856886e-01,7.760365691977152980e-02,-6.573257851112865868e-01,-2.479037268093934321e-01,-2.041971897684877468e-01,1.739491379197544707e-01,-2.119202199902565364e-01,-7.366333815415184727e-01,1.940548872732007213e-01,-6.336434944063692454e-01,1.466079247708419186e-01,-3.031129986824712685e-01,-9.823183937885265893e-01,-1.056169664711426925e+00,2.015088642870334068e-01,-9.149414280448356918e-01,-7.140701198179153497e-01,-6.016470669802954641e-01,-1.763083047552967741e+00,2.292771773482163322e+00,-7.720657386322262727e-01,-2.728600577855916920e-01,3.168020212555541004e+00,-2.717464881947029842e-01,1.623396644898180030e+00,4.171768979717321302e-01,-8.752667767539870081e-01,1.623396644898180030e+00,-5.910848894588599522e-01,5.050662230996993962e-01,-1.012978192547918876e+00,4.693396640810578169e-01,-4.693396640810578724e-01,-7.669213604740112711e-01,-1.716049437998772076e+00,-1.958171584908740659e+00
8.247702859702654710e-01,-2.167397191975982684e-01,-1.255090396841922251e+00,-9.524199835873939923e-01,-4.693396640810578724e-01,1.381424385673473143e+00,-1.255143339406303182e+00,-2.167277338005084708e-01,8.246049604832442759e-01,-2.470932623512880899e-01,-1.136728647903677336e+00,-2.132303037440199667e-01,2.286801466527114413e-01,-9.528654043009191499e-01,1.400696765483339101e-01,-1.048762992325339427e+00,-3.791536409699123311e-01,-9.200139611759049485e-01,-2.432820575364910698e-01,-1.628252004543296605e-01,1.739491379197544707e-01,-2.119202199902565364e-01,-7.366333815415184727e-01,1.940548872732007213e-01,-6.336434944063692454e-01,1.466079247708419186e-01,-3.031129986824712685e-01,-9.823183937885265893e-01,-1.056169664711426925e+00,2.015088642870334068e-01,-9.149414280448356918e-01,-7.140701198179153497e-01,-6.016470669802954641e-01,-1.763083047552967741e+00,2.292771773482163322e+00,-7.720657386322262727e-01,-2.728600577855916920e-01,3.168020212555541004e+00,-2.717464881947029842e-01,1.623396644898180030e+00,4.171768979717321302e-01,-8.752667767539870081e-01,1.623396644898180030e+00,-5.910848894588599522e-01,5.050662230996993962e-01,-1.012978192547918876e+00,4.693396640810578169e-01,-4.693396640810578724e-01,1.303914653494498976e+00,-1.716049437998772076e+00,-1.958171584908740659e+00
-2.659189569387709895e-02,1.346226374326637554e-01,-2.239167096223713682e-01,-9.524199835873939923e-01,-4.693396640810578724e-01,1.381424385673473143e+00,-2.120929467842355698e-01,1.447939223688440857e-01,-1.593761281389516685e-02,-5.593254283088487655e-02,-2.619764666673813358e-01,7.160717962461057851e-02,-1.455515098361469806e-01,-1.732769465599729997e-01,-1.604282867151577974e-01,-2.834792008441145428e-01,-4.845337795114556569e-03,-2.119400591757406305e-01,-2.106854493537864137e-01,-2.187381481929050187e-01,1.739491379197544707e-01,-2.119202199902565364e-01,-7.366333815415184727e-01,1.940548872732007213e-01,-6.336434944063692454e-01,1.466079247708419186e-01,-3.031129986824712685e-01,-9.823183937885265893e-01,-1.056169664711426925e+00,2.015088642870334068e-01,-9.149414280448356918e-01,-7.140701198179153497e-01,-6.016470669802954641e-01,-1.763083047552967741e+00,2.292771773482163322e+00,-7.720657386322262727e-01,-2.728600577855916920e-01,3.168020212555541004e+00,-2.717464881947029842e-01,1.623396644898180030e+00,4.171768979717321302e-01,-8.752667767539870081e-01,1.623396644898180030e+00,-5.910848894588599522e-01,5.050662230996993962e-01,-1.012978192547918876e+00,4.693396640810578169e-01,-4.693396640810578724e-01,1.303914653494498976e+00,-1.716049437998772076e+00,-1.958171584908740659e+00
7.526104501421347903e-01,-7.777091395415900443e-01,6.593130909672594020e-02,-9.524199835873939923e-01,-4.693396640810578724e-01,1.381424385673473143e+00,7.303157146857786053e-02,-7.762255363097876337e-01,7.609274928601812427e-01,-9.703893268574306230e-01,3.931849276241857205e-01,-6.643219755829040674e-01,3.916968696298446240e-01,4.642547737275755371e-02,3.933515704155994275e-01,-2.121103310648349283e-01,-6.753712961428491868e-01,-4.113375775442443261e-01,-3.050412476731403227e-02,-1.502181323002629680e-02,1.739491379197544707e-01,-2.119202199902565364e-01,-7.366333815415184727e-01,1.940548872732007213e-01,-6.336434944063692454e-01,1.466079247708419186e-01,-3.031129986824712685e-01,-9.823183937885265893e-01,-1.056169664711426925e+00,2.015088642870334068e-01,-9.149414280448356918e-01,-7.140701198179153497e-01,-6.016470669802954641e-01,-1.763083047552967741e+00,2.292771773482163322e+00,-7.720657386322262727e-01,-2.728600577855916920e-01,3.168020212555541004e+00,-2.717464881947029842e-01,1.623396644898180030e+00,4.171768979717321302e-01,-8.752667767539870081e-01,1.623396644898180030e+00,-5.910848894588599522e-01,5.050662230996993962e-01,-1.012978192547918876e+00,4.693396640810578169e-01,-4.693396640810578724e-01,-7.669213604740112711e-01,-1.716049437998772076e+00,-1.958171584908740659e+00
1.786227143490370928e+00,-2.458203340573152373e-01,-6.198600275767398582e-01,-9.524199835873939923e-01,-4.693396640810578724e-01,1.381424385673473143e+00,-6.263478260160039168e-01,-2.511583703110089605e-01,1.767031482073386561e+00,-1.746294433401150981e+00,-1.876207095291732019e-02,2.334959925730670238e-01,1.371564363293619637e+00,7.520349835856104947e-02,1.369373122661102782e+00,-7.396565913615182897e-01,-4.308597178570314212e-01,-7.103572486957175913e-01,-2.082433666118992666e-01,-1.141001689470804020e-01,1.739491379197544707e-01,-2.119202199902565364e-01,-7.366333815415184727e-01,1.940548872732007213e-01,-6.336434944063692454e-01,1.466079247708419186e-01,-3.031129986824712685e-01,-9.823183937885265893e-01,-1.056169664711426925e+00,2.015088642870334068e-01,-9.149414280448356918e-01,-7.140701198179153497e-01,-6.016470669802954641e-01,-1.763083047552967741e+00,2.292771773482163322e+00,-7.720657386322262727e-01,-2.728600577855916920e-01,3.168020212555541004e+00,-2.717464881947029842e-01,1.623396644898180030e+00,4.171768979717321302e-01,-8.752667767539870081e-01,1.623396644898180030e+00,-5.910848894588599522e-01,5.050662230996993962e-01,-1.012978192547918876e+00,4.693396640810578169e-01,-4.693396640810578724e-01,-7.669213604740112711e-01,-1.716049437998772076e+00,-1.958171584908740659e+00
-1.111773385927111280e+00,1.405112642895147035e+00,-6.165956836677521924e-01,-9.524199835873939923e-01,-4.693396640810578724e-01,1.381424385673473143e+00,-6.144386866308255701e-01,1.410119721982789232e+00,-1.111190056603287957e+00,1.158322773999459487e+00,-8.111763881731263170e-01,7.002420758615095497e-01,-6.026294429876878356e-01,-3.529459222710092381e-01,-6.309082312608613741e-01,-4.061797021754877668e-01,1.245470718811348965e+00,1.675658369999826758e-01,-2.460100637078032892e-01,-2.589126941530249804e-01,1.739491379197544707e-01,-2.119202199902565364e-01,-7.366333815415184727e-01,1.940548872732007213e-01,-6.336434944063692454e-01,1.466079247708419186e-01,-3.031129986824712685e-01,-9.823183937885265893e-01,-1.056169664711426925e+00,2.015088642870334068e-01,-9.149414280448356918e-01,-7.140701198179153497e-01,-6.016470669802954641e-01,-1.763083047552967741e+00,2.292771773482163322e+00,-7.720657386322262727e-01,-2.728600577855916920e-01,3.168020212555541004e+00,-2.717464881947029842e-01,1.623396644898180030e+00,4.171768979717321302e-01,-8.752667767539870081e-01,1.623396644898180030e+00,-5.910848894588599522e-01,5.050662230996993962e-01,-1.012978192547918876e+00,4.693396640810578169e-01,-4.693396640810578724e-01,-7.669213604740112711e-01,-1.716049437998772076e+00,-1.958171584908740659e+00
1.868805981044881825e+00,-9.413946950906025846e-01,-5.433627360048394195e-01,-9.524199835873939923e-01,-4.693396640810578724e-01,1.381424385673473143e+00,-5.341166781974506783e-01,-9.397710461392138059e-01,1.894386417319512628e+00,-1.733075100999397655e+00,1.031809500019139070e-01,-7.844666377460887130e-01,1.444200616517926639e+00,-2.218940741042275677e-01,1.414372350572373982e+00,-7.101507278179356453e-01,-8.005631472626207890e-01,-8.275944097956273726e-01,1.684776341394392252e-02,4.313898735115622718e-01,1.739491379197544707e-01,-2.119202199902565364e-01,-7.366333815415184727e-01,1.940548872732007213e-01,-6.336434944063692454e-01,1.466079247708419186e-01,-3.031129986824712685e-01,-9.823183937885265893e-01,-1.056169664711426925e+00,2.015088642870334068e-01,-9.149414280448356918e-01,-7.140701198179153497e-01,-6.016470669802954641e-01,-1.763083047552967741e+00,2.292771773482163322e+00,-7.720657386322262727e-01,-2.728600577855916920e-01,3.168020212555541004e+00,-2.717464881947029842e-01,1.623396644898180030e+00,4.171768979717321302e-01,-8.752667767539870081e-01,1.623396644898180030e+00,-5.910848894588599522e-01,5.050662230996993962e-01,-1.012978192547918876e+00,4.693396640810578169e-01,-4.693396640810578724e-01,-7.669213604740112711e-01,-1.716049437998772076e+00,-1.958171584908740659e+00
-6.754421564885707552e-01,3.400927674311127191e-01,-1.161020469221126783e+00,-9.524199835873939923e-01,-4.693396640810578724e-01,1.381424385673473143e+00,-1.163221175002548735e+00,3.341624080705397626e-01,-6.781832764781557943e-01,1.207959817256553769e+00,-1.180314801927670798e+00,-5.870389991991246947e-02,-4.705820747570879092e-01,-9.269809138589139019e-01,-5.522047118499264773e-01,-9.182403618502215092e-01,1.597729172518665142e-01,-6.204894281694068869e-01,-2.489698165891867376e-01,-2.434241037326416446e-01,1.739491379197544707e-01,-2.119202199902565364e-01,-7.366333815415184727e-01,1.940548872732007213e-01,-6.336434944063692454e-01,1.466079247708419186e-01,-3.031129986824712685e-01,-9.823183937885265893e-01,-1.056169664711426925e+00,2.015088642870334068e-01,-9.149414280448356918e-01,-7.140701198179153497e-01,-6.016470669802954641e-01,-1.763083047552967741e+00,2.292771773482163322e+00,-7.720657386322262727e-01,-2.728600577855916920e-01,3.168020212555541004e+00,-2.717464881947029842e-01,1.623396644898180030e+00,4.171768979717321302e-01,-8.752667767539870081e-01,1.623396644898180030e+00,-5.910848894588599522e-01,5.050662230996993962e-01,-1.012978192547918876e+00,4.693396640810578169e-01,-4.693396640810578724e-01,1.303914653494498976e+00,-1.716049437998772076e+00,-1.958171584908740659e+00
1.588545444095414150e-01,6.461698913001975297e-01,-5.353781173770210122e-01,-9.524199835873939923e-01,-4.693396640810578724e-01,1.381424385673473143e+00,-5.423670342428279501e-01,6.354304578995451092e-01,1.496238031021697723e-01,-1.905919196150623329e-01,-5.124725090772511704e-01,5.617389696777782548e-01,-6.032517749289587755e-02,-1.771898552977614061e-01,-7.612292976502471609e-02,-5.324490531186174547e-01,2.997772468629780196e-01,-2.818590215663537291e-01,-2.350972652831143928e-01,-2.270832465952419832e-01,1.739491379197544707e-01,-2.119202199902565364e-01,-7.366333815415184727e-01,1.940548872732007213e-01,-6.336434944063692454e-01,1.466079247708419186e-01,-3.031129986824712685e-01,-9.823183937885265893e-01,-1.056169664711426925e+00,2.015088642870334068e-01,-9.149414280448356918e-01,-7.140701198179153497e-01,-6.016470669802954641e-01,-1.763083047552967741e+00,2.292771773482163322e+00,-7.720657386322262727e-01,-2.728600577855916920e-01,3.168020212555541004e+00,-2.717464881947029842e-01,1.623396644898180030e+00,4.171768979717321302e-01,-8.752667767539870081e-01,1.623396644898180030e+00,-5.910848894588599522e-01,5.050662230996993962e-01,-1.012978192547918876e+00,4.693396640810578169e-01,-4.693396640810578724e-01,1.303914653494498976e+00,-1.716049437998772076e+00,-1.958171584908740659e+00
1.912844267651394370e+00,-8.565545393097522275e-01,-8.623739974553124021e-01,-9.524199835873939923e-01,-4.693396640810578724e-01,1.381424385673473143e+00,-8.540276909361204094e-01,-8.536944639265966472e-01,1.945328391225761955e+00,-1.568746436347180140e+00,-4.167924061547110814e-01,-6.827548851423785869e-01,1.349567027684776654e+00,-5.813209168231970869e-01,1.287509953021742204e+00,-8.819593930954093830e-01,-7.601318482667321907e-01,-9.397273309638447536e-01,-1.232263646729614137e-01,2.284930871903002314e-01,1.739491379197544707e-01,-2.119202199902565364e-01,-7.366333815415184727e-01,1.940548872732007213e-01,-6.336434944063692454e-01,1.466079247708419186e-01,-3.031129986824712685e-01,-9.823183937885265893e-01,-1.056169664711426925e+00,2.015088642870334068e-01,-9.149414280448356918e-01,-7.140701198179153497e-01,-6.016470669802954641e-01,-1.763083047552967741e+00,2.292771773482163322e+00,-7.720657386322262727e-01,-2.728600577855916920e-01,3.168020212555541004e+00,-2.717464881947029842e-01,1.623396644898180030e+00,4.171768979717321302e-01,-8.752667767539870081e-01,1.623396644898180030e+00,-5.910848894588599522e-01,5.050662230996993962e-01,-1.012978192547918876e+00,4.693396640810578169e-01,-4.693396640810578724e-01,-7.669213604740112711e-01,-1.716049437998772076e+00,-1.958171584908740659e+00
1.760366246797772760e+00,-8.769578690802423138e-01,-7.266675226152158329e-01,-9.524199835873939923e-01,-4.693396640810578724e-01,1.381424385673473143e+00,-7.364135378879631544e-01,-8.795174397988662074e-01,1.728825001403447414e+00,-1.548143247781767151e+00,-2.706743112790295225e-01,-7.210636622852923949e-01,1.202781494468353474e+00,-4.840497502260525664e-01,1.150585913528728632e+00,-8.022498402581752508e-01,-7.669074068414042378e-01,-8.831954277198402758e-01,-8.697563585886071424e-02,2.422963165515317208e-01,1.739491379197544707e-01,-2.119202199902565364e-01,-7.366333815415184727e-01,1.940548872732007213e-01,-6.336434944063692454e-01,1.466079247708419186e-01,-3.031129986824712685e-01,-9.823183937885265893e-01,-1.056169664711426925e+00,2.015088642870334068e-01,-9.149414280448356918e-01,-7.140701198179153497e-01,-6.016470669802954641e-01,-1.763083047552967741e+00,2.292771773482163322e+00,-7.720657386322262727e-01,-2.728600577855916920e-01,3.168020212555541004e+00,-2.717464881947029842e-01,1.623396644898180030e+00,4.171768979717321302e-01,-8.752667767539870081e-01,1.623396644898180030e+00,-5.910848894588599522e-01,5.050662230996993962e-01,-1.012978192547918876e+00,4.693396640810578169e-01,-4.693396640810578724e-01,-7.669213604740112711e-01,-1.716049437998772076e+00,-1.958171584908740659e+00
-1.177731695195109035e-01,-8.451338413186727516e-01,-5.181220651314917269e-01,-9.524199835873939923e-01,-4.693396640810578724e-01,1.381424385673473143e+00,-5.181243363900787102e-01,-8.450868032883658287e-01,-1.178215611068972185e-01,3.815293646691826357e-01,-6.174329469944549453e-01,-8.377601742231834958e-01,-2.318621625015788723e-01,-7.945367351992880245e-01,-3.029562418458011663e-01,-5.136697310260638361e-01,-7.035671890389516570e-01,-6.454648659908412967e-01,-7.219677701652513213e-02,-8.327526369778193160e-02,1.739491379197544707e-01,-2.119202199902565364e-01,-7.366333815415184727e-01,1.940548872732007213e-01,-6.336434944063692454e-01,1.466079247708419186e-01,-3.031129986824712685e-01,-9.823183937885265893e-01,-1.056169664711426925e+00,2.015088642870334068e-01,-9.149414280448356918e-01,-7.140701198179153497e-01,-6.016470669802954641e-01,-1.763083047552967741e+00,2.292771773482163322e+00,-7.720657386322262727e-01,-2.728600577855916920e-01,3.168020212555541004e+00,-2.717464881947029842e-01,1.623396644898180030e+00,4.171768979717321302e-01,-8.752667767539870081e-01,1.623396644898180030e+00,-5.910848894588599522e-01,5.050662230996993962e-01,-1.012978192547918876e+00,4.693396640810578169e-01,-4.693396640810578724e-01,-7.669213604740112711e-01,-1.716049437998772076e+00,-1.958171584908740659e+00
-3.384137932104977486e-01,-7.176922357258204155e-01,-1.102358458098041671e+00,-9.524199835873939923e-01,-4.693396640810578724e-01,1.381424385673473143e+00,-1.100012003206738198e+00,-7.159719239270174729e-01,-3.343249509292113286e-01,1.025320337237493495e+00,-1.125062514574661998e+00,-7.740327940084567038e-01,-3.544029620922349855e-01,-1.159077393883562124e+00,-4.580088381402408482e-01,-9.061237575949711021e-01,-6.216086630909349875e-01,-9.055164631944291331e-01,-1.980840983086717966e-01,-1.599808059436288454e-01,1.739491379197544707e-01,-2.119202199902565364e-01,-7.366333815415184727e-01,1.940548872732007213e-01,-6.336434944063692454e-01,1.466079247708419186e-01,-3.031129986824712685e-01,-9.823183937885265893e-01,-1.056169664711426925e+00,2.015088642870334068e-01,-9.149414280448356918e-01,-7.140701198179153497e-01,-6.016470669802954641e-01,-1.763083047552967741e+00,2.292771773482163322e+00,-7.720657386322262727e-01,-2.728600577855916920e-01,3.168020212555541004e+00,-2.717464881947029842e-01,1.623396644898180030e+00,4.171768979717321302e-01,-8.752667767539870081e-01,1.623396644898180030e+00,-5.910848894588599522e-01,5.050662230996993962e-01,-1.012978192547918876e+00,4.693396640810578169e-01,-4.693396640810578724e-01,-7.669213604740112711e-01,-1.716049437998772076e+00,-1.958171584908740659e+00
-2.391678642167647251e-01,4.623106459560312742e-01,-5.258787271091408533e-01,-9.524199835873939923e-01,-4.693396640810578724e-01,1.381424385673473143e+00,-5.188390707704615412e-01,4.718849480701189369e-01,-2.324410026362094817e-01,3.220544258885146838e-01,-6.063009731769632982e-01,2.474830384401297823e-01,-2.679439771317743690e-01,-3.696534508254337714e-01,-2.999620731223609504e-01,-4.799046091230232958e-01,2.409352142388850038e-01,-2.650529876556161346e-01,-2.312020139491321180e-01,-2.334312657038945527e-01,1.739491379197544707e-01,-2.119202199902565364e-01,-7.366333815415184727e-01,1.940548872732007213e-01,-6.336434944063692454e-01,1.466079247708419186e-01,-3.031129986824712685e-01,-9.823183937885265893e-01,-1.056169664711426925e+00,2.015088642870334068e-01,-9.149414280448356918e-01,-7.140701198179153497e-01,-6.016470669802954641e-01,-1.763083047552967741e+00,2.292771773482163322e+00,-7.720657386322262727e-01,-2.728600577855916920e-01,3.168020212555541004e+00,-2.717464881947029842e-01,1.623396644898180030e+00,4.171768979717321302e-01,-8.752667767539870081e-01,1.623396644898180030e+00,-5.910848894588599522e-01,5.050662230996993962e-01,-1.012978192547918876e+00,4.693396640810578169e-01,-4.693396640810578724e-01,1.303914653494498976e+00,-1.716049437998772076e+00,-1.958171584908740659e+00
4.481385682595201425e-01,1.151405603520755161e+00,-6.400303012710985007e-01,-9.524199835873939923e-01,-4.693396640810578724e-01,1.381424385673473143e+00,-6.358026186083389764e-01,1.160497623898323782e+00,4.552756479811754797e-01,-4.807996686004835651e-01,-5.244095020497051562e-01,1.205870699508029720e+00,1.210111887182239443e-01,6.078380666979410485e-02,1.257674541240960120e-01,-6.287254702344607926e-01,5.783974893750508661e-01,-2.483842778123623585e-01,-2.442308595731069731e-01,-2.297095464023332367e-01,1.739491379197544707e-01,-2.119202199902565364e-01,-7.366333815415184727e-01,1.940548872732007213e-01,-6.336434944063692454e-01,1.466079247708419186e-01,-3.031129986824712685e-01,-9.823183937885265893e-01,-1.056169664711426925e+00,2.015088642870334068e-01,-9.149414280448356918e-01,-7.140701198179153497e-01,-6.016470669802954641e-01,-1.763083047552967741e+00,2.292771773482163322e+00,-7.720657386322262727e-01,-2.728600577855916920e-01,3.168020212555541004e+00,-2.717464881947029842e-01,1.623396644898180030e+00,4.171768979717321302e-01,-8.752667767539870081e-01,1.623396644898180030e+00,-5.910848894588599522e-01,5.050662230996993962e-01,-1.012978192547918876e+00,4.693396640810578169e-01,-4.693396640810578724e-01,1.303914653494498976e+00,-1.716049437998772076e+00,-1.958171584908740659e+00
-8.829636784509700131e-01,9.841557594004061160e-01,-6.534699170686083525e-01,-9.524199835873939923e-01,-4.693396640810578724e-01,1.381424385673473143e+00,-6.513892094501267938e-01,9.883444534306666807e-01,-8.819511730641595992e-01,1.006135749554794456e+00,-8.159314437949025667e-01,4.484766483653064295e-01,-5.274561759188438614e-01,-4.531793343979582112e-01,-5.653939062630053414e-01,-4.846054403473906147e-01,7.890965403982808102e-01,-6.228237729877823120e-02,-2.427797090747874365e-01,-2.535290690493539056e-01,1.739491379197544707e-01,-2.119202199902565364e-01,-7.366333815415184727e-01,1.940548872732007213e-01,-6.336434944063692454e-01,1.466079247708419186e-01,-3.031129986824712685e-01,-9.823183937885265893e-01,-1.056169664711426925e+00,2.015088642870334068e-01,-9.149414280448356918e-01,-7.140701198179153497e-01,-6.016470669802954641e-01,-1.763083047552967741e+00,2.292771773482163322e+00,-7.720657386322262727e-01,-2.728600577855916920e-01,3.168020212555541004e+00,-2.717464881947029842e-01,1.623396644898180030e+00,4.171768979717321302e-01,-8.752667767539870081e-01,1.623396644898180030e+00,-5.910848894588599522e-01,5.050662230996993962e-01,-1.012978192547918876e+00,4.693396640810578169e-01,-4.693396640810578724e-01,-7.669213604740112711e-01,-1.716049437998772076e+00,-1.958171584908740659e+00
1.266150978765796520e+00,-7.646755141752911156e-01,-7.957001134954894139e-01,-9.524199835873939923e-01,-4.693396640810578724e-01,1.381424385673473143e+00,-8.029526970621139181e-01,-7.676178756715569262e-01,1.244876247372066480e+00,-9.790341663703880926e-01,-5.570527735602437414e-01,-6.534576642454567041e-01,6.392645178936013917e-01,-6.775606654563761655e-01,5.731051816152803458e-01,-8.106069140529004180e-01,-6.971397615985006624e-01,-8.631385045682670176e-01,-1.499063942832993268e-01,3.435081791335765217e-02,1.739491379197544707e-01,-2.119202199902565364e-01,-7.366333815415184727e-01,1.940548872732007213e-01,-6.336434944063692454e-01,1.466079247708419186e-01,-3.031129986824712685e-01,-9.823183937885265893e-01,-1.056169664711426925e+00,2.015088642870334068e-01,-9.149414280448356918e-01,-7.140701198179153497e-01,-6.016470669802954641e-01,-1.763083047552967741e+00,2.292771773482163322e+00,-7.720657386322262727e-01,-2.728600577855916920e-01,3.168020212555541004e+00,-2.717464881947029842e-01,1.623396644898180030e+00,4.171768979717321302e-01,-8.752667767539870081e-01,1.623396644898180030e+00,-5.910848894588599522e-01,5.050662230996993962e-01,-1.012978192547918876e+00,4.693396640810578169e-01,-4.693396640810578724e-01,-7.669213604740112711e-01,-1.716049437998772076e+00,-1.958171584908740659e+00
2.836748408205076455e-01,-9.044573988869565317e-01,3.849584855637053771e-01,-9.524199835873939923e-01,-4.693396640810578724e-01,1.381424385673473143e+00,3.766797333257303482e-01,-9.053404156711358786e-01,2.769787388288001417e-01,-6.849017782842132807e-01,5.472316761226515558e-01,-8.316848660185043318e-01,8.283252254164617800e-02,1.002607187937054334e-01,9.144961518855057592e-02,1.111638640340629758e-01,-7.406683044999683441e-01,-1.962934057273843791e-01,1.634966445964380344e-01,3.499576012845365125e-02,1.739491379197544707e-01,-2.119202199902565364e-01,-7.366333815415184727e-01,1.940548872732007213e-01,-6.336434944063692454e-01,1.466079247708419186e-01,-3.031129986824712685e-01,-9.823183937885265893e-01,-1.056169664711426925e+00,2.015088642870334068e-01,-9.149414280448356918e-01,-7.140701198179153497e-01,-6.016470669802954641e-01,-1.763083047552967741e+00,2.292771773482163322e+00,-7.720657386322262727e-01,-2.728600577855916920e-01,3.168020212555541004e+00,-2.717464881947029842e-01,1.623396644898180030e+00,4.171768979717321302e-01,-8.752667767539870081e-01,1.623396644898180030e+00,-5.910848894588599522e-01,5.050662230996993962e-01,-1.012978192547918876e+00,4.693396640810578169e-01,-4.693396640810578724e-01,-7.669213604740112711e-01,-1.716049437998772076e+00,-1.958171584908740659e+00
-1.289277034804825917e+00,1.326677412221245744e-01,-8.868039634889338663e-01,-9.524199835873939923e-01,-4.693396640810578724e-01,1.381424385673473143e+00,-8.900827574618543903e-01,1.275786071348051498e-01,-1.289486965755663350e+00,1.722581872724634477e+00,-1.045194306401016071e+00,-2.755061651940270973e-01,-6.599838698905301504e-01,-9.066159854068248647e-01,-7.384931438113451208e-01,-6.491538550207259783e-01,1.359398523343176568e-01,-4.300080734517315872e-01,-2.357160923668168706e-01,-2.605819223946619911e-01,1.739491379197544707e-01,-2.119202199902565364e-01,-7.366333815415184727e-01,1.940548872732007213e-01,-6.336434944063692454e-01,1.466079247708419186e-01,-3.031129986824712685e-01,-9.823183937885265893e-01,-1.056169664711426925e+00,2.015088642870334068e-01,-9.149414280448356918e-01,-7.140701198179153497e-01,-6.016470669802954641e-01,-1.763083047552967741e+00,2.292771773482163322e+00,-7.720657386322262727e-01,-2.728600577855916920e-01,3.168020212555541004e+00,-2.717464881947029842e-01,1.623396644898180030e+00,4.171768979717321302e-01,-8.752667767539870081e-01,1.623396644898180030e+00,-5.910848894588599522e-01,5.050662230996993962e-01,-1.012978192547918876e+00,4.693396640810578169e-01,-4.693396640810578724e-01,-7.669213604740112711e-01,-1.716049437998772076e+00,-1.958171584908740659e+00
-1.226178239905463929e+00,-5.879893237065384470e-01,8.418139789045911980e-01,-9.524199835873939923e-01,-4.693396640810578724e-01,1.381424385673473143e+00,8.469882714700828208e-01,-5.868570506080917903e-01,-1.225809498132600206e+00,6.184740302617108831e-01,3.480833509402059267e-01,-6.495761856702966242e-01,-6.333718887846588874e-01,1.752195890800855443e-02,-6.275839579216485609e-01,1.103984942473708264e+00,-3.681396669872216143e-01,6.797632183688517848e-01,-4.400974765218665374e-02,-2.524041022075656504e-01,1.739491379197544707e-01,-2.119202199902565364e-01,-7.366333815415184727e-01,1.940548872732007213e-01,-6.336434944063692454e-01,1.466079247708419186e-01,-3.031129986824712685e-01,-9.823183937885265893e-01,-1.056169664711426925e+00,2.015088642870334068e-01,-9.149414280448356918e-01,-7.140701198179153497e-01,-6.016470669802954641e-01,-1.763083047552967741e+00,2.292771773482163322e+00,-7.720657386322262727e-01,-2.728600577855916920e-01,3.168020212555541004e+00,-2.717464881947029842e-01,1.623396644898180030e+00,4.171768979717321302e-01,-8.752667767539870081e-01,1.623396644898180030e+00,-5.910848894588599522e-01,5.050662230996993962e-01,-1.012978192547918876e+00,4.693396640810578169e-01,-4.693396640810578724e-01,-7.669213604740112711e-01,-1.716049437998772076e+00,-1.958171584908740659e+00
1.450358511678490725e+00,-8.805952569156183518e-01,-1.208244744120706926e+00,-9.524199835873939923e-01,-4.693396640810578724e-01,1.381424385673473143e+00,-1.206329144577935386e+00,-8.795174397988662074e-01,1.461379637194380132e+00,-8.342417976616693931e-01,-1.019095797329300224e+00,-7.931095228952519394e-01,6.897765729714546712e-01,-1.085195316548724476e+00,5.860225290729264014e-01,-1.045054383975849710e+00,-7.684861624322660845e-01,-1.063758007177102671e+00,-1.745641020380703234e-01,1.986176041462559827e-01,1.739491379197544707e-01,-2.119202199902565364e-01,-7.366333815415184727e-01,1.940548872732007213e-01,-6.336434944063692454e-01,1.466079247708419186e-01,-3.031129986824712685e-01,-9.823183937885265893e-01,-1.056169664711426925e+00,2.015088642870334068e-01,-9.149414280448356918e-01,-7.140701198179153497e-01,-6.016470669802954641e-01,-1.763083047552967741e+00,2.292771773482163322e+00,-7.720657386322262727e-01,-2.728600577855916920e-01,3.168020212555541004e+00,-2.717464881947029842e-01,1.623396644898180030e+00,4.171768979717321302e-01,-8.752667767539870081e-01,1.623396644898180030e+00,-5.910848894588599522e-01,5.050662230996993962e-01,-1.012978192547918876e+00,4.693396640810578169e-01,-4.693396640810578724e-01,1.303914653494498976e+00,-1.716049437998772076e+00,-1.958171584908740659e+00
7.863818093505353657e-01,-1.077912969889250228e+00,-2.614856180471360203e-02,-9.524199835873939923e-01,-4.693396640810578724e-01,1.381424385673473143e+00,-1.607596255286069045e-02,-1.077493580096370085e+00,7.991339735301199454e-01,-8.847830711088280342e-01,2.509502958089990798e-01,-1.008436652084674812e+00,3.839376803158306428e-01,-1.945864069321147360e-01,3.636133829501148607e-01,-2.876599907386578336e-01,-8.656487030841345520e-01,-5.389306378665639219e-01,1.078346100087607784e+00,1.252255120058222371e+00,1.739491379197544707e-01,-2.119202199902565364e-01,-7.366333815415184727e-01,1.940548872732007213e-01,-6.336434944063692454e-01,1.466079247708419186e-01,-3.031129986824712685e-01,-9.823183937885265893e-01,-1.056169664711426925e+00,2.015088642870334068e-01,-9.149414280448356918e-01,-7.140701198179153497e-01,-6.016470669802954641e-01,-1.763083047552967741e+00,2.292771773482163322e+00,-7.720657386322262727e-01,-2.728600577855916920e-01,3.168020212555541004e+00,-2.717464881947029842e-01,1.623396644898180030e+00,4.171768979717321302e-01,-8.752667767539870081e-01,1.623396644898180030e+00,-5.910848894588599522e-01,5.050662230996993962e-01,-1.012978192547918876e+00,4.693396640810578169e-01,-4.693396640810578724e-01,1.303914653494498976e+00,-1.716049437998772076e+00,-1.958171584908740659e+00
7.226686728503343149e-01,2.264274380014180341e-02,-1.067032275776371719e+00,-9.524199835873939923e-01,-4.693396640810578724e-01,1.381424385673473143e+00,-1.070867601642351730e+00,1.567904300749568131e-02,7.099855189539324707e-01,-3.309107160216831489e-01,-9.599306047137785569e-01,2.683125755759308353e-02,1.990739358486446620e-01,-7.252879723039742377e-01,1.314614219509128434e-01,-9.334783952674036156e-01,-2.212433808019444725e-01,-7.751477597488009019e-01,-2.402726528445846554e-01,-1.872265456675837325e-01,1.739491379197544707e-01,-2.119202199902565364e-01,-7.366333815415184727e-01,1.940548872732007213e-01,-6.336434944063692454e-01,1.466079247708419186e-01,-3.031129986824712685e-01,-9.823183937885265893e-01,-1.056169664711426925e+00,2.015088642870334068e-01,-9.149414280448356918e-01,-7.140701198179153497e-01,-6.016470669802954641e-01,-1.763083047552967741e+00,2.292771773482163322e+00,-7.720657386322262727e-01,-2.728600577855916920e-01,3.168020212555541004e+00,-2.717464881947029842e-01,1.623396644898180030e+00,4.171768979717321302e-01,-8.752667767539870081e-01,1.623396644898180030e+00,-5.910848894588599522e-01,5.050662230996993962e-01,-1.012978192547918876e+00,4.693396640810578169e-01,-4.693396640810578724e-01,-7.669213604740112711e-01,-1.716049437998772076e+00,-1.958171584908740659e+00
-8.555024376927199414e-01,8.201528471763143147e-01,-1.067573233019814216e+00,-9.524199835873939923e-01,-4.693396640810578724e-01,1.381424385673473143e+00,-1.068877305348041373e+00,8.161912829630099120e-01,-8.564801856305311878e-01,1.268413123831631184e+00,-1.122456890464963886e+00,2.596560676431228787e-01,-5.269269765814271755e-01,-7.605065357922697888e-01,-5.929602010223075093e-01,-8.299738382256867109e-01,5.785786646422786950e-01,-3.974829140050757381e-01,-2.509730062670537665e-01,-2.521335154700025671e-01,1.739491379197544707e-01,-2.119202199902565364e-01,-7.366333815415184727e-01,1.940548872732007213e-01,-6.336434944063692454e-01,1.466079247708419186e-01,-3.031129986824712685e-01,-9.823183937885265893e-01,-1.056169664711426925e+00,2.015088642870334068e-01,-9.149414280448356918e-01,-7.140701198179153497e-01,-6.016470669802954641e-01,-1.763083047552967741e+00,2.292771773482163322e+00,-7.720657386322262727e-01,-2.728600577855916920e-01,3.168020212555541004e+00,-2.717464881947029842e-01,1.623396644898180030e+00,4.171768979717321302e-01,-8.752667767539870081e-01,1.623396644898180030e+00,-5.910848894588599522e-01,5.050662230996993962e-01,-1.012978192547918876e+00,4.693396640810578169e-01,-4.693396640810578724e-01,-7.669213604740112711e-01,-1.716049437998772076e+00,-1.958171584908740659e+00
-3.394191132788289961e-02,1.091388699704985532e+00,-1.134412101122842520e+00,-9.524199835873939923e-01,-4.693396640810578724e-01,1.381424385673473143e+00,-1.132196073690066473e+00,1.100244017557976184e+00,-2.867310605020558650e-02,4.008515130751732491e-01,-1.096019882221324737e+00,7.332911381865326872e-01,-2.017122918805100140e-01,-5.585383629501597946e-01,-2.514336374230273785e-01,-9.298148468615277107e-01,5.774072158714612657e-01,-4.719265990348039952e-01,-2.543068401958191727e-01,-2.379295288389754182e-01,1.739491379197544707e-01,-2.119202199902565364e-01,-7.366333815415184727e-01,1.940548872732007213e-01,-6.336434944063692454e-01,1.466079247708419186e-01,-3.031129986824712685e-01,-9.823183937885265893e-01,-1.056169664711426925e+00,2.015088642870334068e-01,-9.149414280448356918e-01,-7.140701198179153497e-01,-6.016470669802954641e-01,-1.763083047552967741e+00,2.292771773482163322e+00,-7.720657386322262727e-01,-2.728600577855916920e-01,3.168020212555541004e+00,-2.717464881947029842e-01,1.623396644898180030e+00,4.171768979717321302e-01,-8.752667767539870081e-01,1.623396644898180030e+00,-5.910848894588599522e-01,5.050662230996993962e-01,-1.012978192547918876e+00,4.693396640810578169e-01,-4.693396640810578724e-01,-7.669213604740112711e-01,-1.716049437998772076e+00,-1.958171584908740659e+00
-2.622958227999146463e-01,-6.319538025665437653e-01,3.217531062971639710e-01,-9.524199835873939923e-01,-4.693396640810578724e-01,1.381424385673473143e+00,3.298943154551425838e-01,-6.298953417144004252e-01,-2.579119895893338676e-01,-6.024393629622138563e-02,2.035299787979708563e-01,-6.206535294454971208e-01,-2.411613010137838298e-01,-8.215115417728643954e-02,-2.470765657581146246e-01,1.960646140257296666e-01,-5.184893427833399127e-01,-4.976576142667429176e-02,-7.416162296302129808e-02,-1.711179387614307490e-01,1.739491379197544707e-01,-2.119202199902565364e-01,-7.366333815415184727e-01,1.940548872732007213e-01,-6.336434944063692454e-01,1.466079247708419186e-01,-3.031129986824712685e-01,-9.823183937885265893e-01,-1.056169664711426925e+00,2.015088642870334068e-01,-9.149414280448356918e-01,-7.140701198179153497e-01,-6.016470669802954641e-01,-1.763083047552967741e+00,2.292771773482163322e+00,-7.720657386322262727e-01,-2.728600577855916920e-01,3.168020212555541004e+00,-2.717464881947029842e-01,1.623396644898180030e+00,4.171768979717321302e-01,-8.752667767539870081e-01,1.623396644898180030e+00,-5.910848894588599522e-01,5.050662230996993962e-01,-1.012978192547918876e+00,4.693396640810578169e-01,-4.693396640810578724e-01,-7.669213604740112711e-01,-1.716049437998772076e+00,-1.958171584908740659e+00
-5.524607674118173772e-01,-3.044877506495595743e-01,5.256422304740887563e-01,-9.524199835873939923e-01,-4.693396640810578724e-01,1.381424385673473143e+00,5.301623981878744729e-01,-3.028043160131256295e-01,-5.508283407515255359e-01,5.112648435109688749e-02,3.266652474008768792e-01,-3.468173292663912499e-01,-3.657598274568968355e-01,1.172628462433415453e-01,-3.526236270998830968e-01,4.865458445681754562e-01,-2.156265166269705214e-01,2.794983439329164487e-01,-1.379698975062477739e-01,-2.219588655574188107e-01,1.739491379197544707e-01,-2.119202199902565364e-01,-7.366333815415184727e-01,1.940548872732007213e-01,-6.336434944063692454e-01,1.466079247708419186e-01,-3.031129986824712685e-01,-9.823183937885265893e-01,-1.056169664711426925e+00,2.015088642870334068e-01,-9.149414280448356918e-01,-7.140701198179153497e-01,-6.016470669802954641e-01,-1.763083047552967741e+00,2.292771773482163322e+00,-7.720657386322262727e-01,-2.728600577855916920e-01,3.168020212555541004e+00,-2.717464881947029842e-01,1.623396644898180030e+00,4.171768979717321302e-01,-8.752667767539870081e-01,1.623396644898180030e+00,-5.910848894588599522e-01,5.050662230996993962e-01,-1.012978192547918876e+00,4.693396640810578169e-01,-4.693396640810578724e-01,-7.669213604740112711e-01,-1.716049437998772076e+00,-1.958171584908740659e+00
-3.511001215321676305e-01,1.725853103270804878e+00,-7.641468569877751804e-01,-9.524199835873939923e-01,-4.693396640810578724e-01,1.381424385673473143e+00,-7.604242104914459288e-01,1.737210741641641576e+00,-3.470604446460254788e-01,3.821509232978010373e-01,-8.056612843677221081e-01,1.257216258784821239e+00,-3.144828802846793558e-01,-1.350369124362446049e-01,-3.247476745539099041e-01,-6.282729750725394302e-01,1.197354968668236985e+00,-1.515572972084243235e-02,-2.507864947696049618e-01,-2.481831188367291385e-01,1.739491379197544707e-01,-2.119202199902565364e-01,-7.366333815415184727e-01,1.940548872732007213e-01,-6.336434944063692454e-01,1.466079247708419186e-01,-3.031129986824712685e-01,-9.823183937885265893e-01,-1.056169664711426925e+00,2.015088642870334068e-01,-9.149414280448356918e-01,-7.140701198179153497e-01,-6.016470669802954641e-01,-1.763083047552967741e+00,2.292771773482163322e+00,-7.720657386322262727e-01,-2.728600577855916920e-01,3.168020212555541004e+00,-2.717464881947029842e-01,1.623396644898180030e+00,4.171768979717321302e-01,-8.752667767539870081e-01,1.623396644898180030e+00,-5.910848894588599522e-01,5.050662230996993962e-01,-1.012978192547918876e+00,4.693396640810578169e-01,-4.693396640810578724e-01,-7.669213604740112711e-01,-1.716049437998772076e+00,-1.958171584908740659e+00
1.186462745245925765e+00,-1.018253075337683056e+00,-2.608143453208133233e-01,-9.524199835873939923e-01,-4.693396640810578724e-01,1.381424385673473143e+00,-2.492883206868239387e-01,-1.017239973756022708e+00,1.206669766702127777e+00,-1.165314074825455792e+00,1.393641563196992839e-01,-9.298575481678488241e-01,6.962096943930546900e-01,-2.499465153404721862e-01,6.687610978650122551e-01,-4.883983501642044645e-01,-8.337834867760570701e-01,-6.757295880600104887e-01,3.127702209506925679e-01,6.371875344843777045e-01,1.739491379197544707e-01,-2.119202199902565364e-01,-7.366333815415184727e-01,1.940548872732007213e-01,-6.336434944063692454e-01,1.466079247708419186e-01,-3.031129986824712685e-01,-9.823183937885265893e-01,-1.056169664711426925e+00,2.015088642870334068e-01,-9.149414280448356918e-01,-7.140701198179153497e-01,-6.016470669802954641e-01,-1.763083047552967741e+00,2.292771773482163322e+00,-7.720657386322262727e-01,-2.728600577855916920e-01,3.168020212555541004e+00,-2.717464881947029842e-01,1.623396644898180030e+00,4.171768979717321302e-01,-8.752667767539870081e-01,1.623396644898180030e+00,-5.910848894588599522e-01,5.050662230996993962e-01,-1.012978192547918876e+00,4.693396640810578169e-01,-4.693396640810578724e-01,1.303914653494498976e+00,-1.716049437998772076e+00,-1.958171584908740659e+00
2.869941190551761334e-01,-1.103170158470839546e+00,-1.405309452634458944e+00,-9.524199835873939923e-01,-4.693396640810578724e-01,1.381424385673473143e+00,-1.407138235974732865e+00,-1.103316555968639756e+00,2.769787388288001417e-01,5.669370119084161663e-01,-1.316277523195964028e+00,-1.048343319451697120e+00,-1.119974195363503955e-01,-1.410841956318110935e+00,-2.402186395368083316e-01,-1.124841151182480292e+00,-8.822509875370864174e-01,-1.165702509361057349e+00,1.423678479475204151e-01,1.749211901073302489e+00,1.739491379197544707e-01,-2.119202199902565364e-01,-7.366333815415184727e-01,1.940548872732007213e-01,-6.336434944063692454e-01,1.466079247708419186e-01,-3.031129986824712685e-01,-9.823183937885265893e-01,-1.056169664711426925e+00,2.015088642870334068e-01,-9.149414280448356918e-01,-7.140701198179153497e-01,-6.016470669802954641e-01,-1.763083047552967741e+00,2.292771773482163322e+00,-7.720657386322262727e-01,-2.728600577855916920e-01,3.168020212555541004e+00,-2.717464881947029842e-01,1.623396644898180030e+00,4.171768979717321302e-01,-8.752667767539870081e-01,1.623396644898180030e+00,-5.910848894588599522e-01,5.050662230996993962e-01,-1.012978192547918876e+00,4.693396640810578169e-01,-4.693396640810578724e-01,-7.669213604740112711e-01,-1.716049437998772076e+00,-1.958171584908740659e+00
9.194765922659813295e-01,-5.650916545247132161e-01,-5.370563636915463013e-01,-9.524199835873939923e-01,-4.693396640810578724e-01,1.381424385673473143e+00,-5.463604558268776445e-01,-5.696417293316303754e-01,9.010179218231217924e-01,-8.147662763731435831e-01,-3.357976945331804242e-01,-4.579955619024372315e-01,4.119395592256318572e-01,-4.330269710142654604e-01,3.696349375369642476e-01,-6.285075346819337661e-01,-5.649214584865897004e-01,-6.784157138337010284e-01,-1.688017029291085103e-01,-9.484283718307662259e-02,1.739491379197544707e-01,-2.119202199902565364e-01,-7.366333815415184727e-01,1.940548872732007213e-01,-6.336434944063692454e-01,1.466079247708419186e-01,-3.031129986824712685e-01,-9.823183937885265893e-01,-1.056169664711426925e+00,2.015088642870334068e-01,-9.149414280448356918e-01,-7.140701198179153497e-01,-6.016470669802954641e-01,-1.763083047552967741e+00,2.292771773482163322e+00,-7.720657386322262727e-01,-2.728600577855916920e-01,3.168020212555541004e+00,-2.717464881947029842e-01,1.623396644898180030e+00,4.171768979717321302e-01,-8.752667767539870081e-01,1.623396644898180030e+00,-5.910848894588599522e-01,5.050662230996993962e-01,-1.012978192547918876e+00,4.693396640810578169e-01,-4.693396640810578724e-01,-7.669213604740112711e-01,-1.716049437998772076e+00,-1.958171584908740659e+00
-9.997195800701108581e-02,-1.957552209706134583e-01,-3.802069372086658849e-01,-9.524199835873939923e-01,-4.693396640810578724e-01,1.381424385673473143e+00,-3.854774269982195189e-01,-1.995124185664695349e-01,-1.050860673900828463e-01,1.370036168954011646e-01,-4.587547699697388515e-01,-2.723929593281160799e-01,-2.024901288528393739e-01,-4.560409624395465045e-01,-2.428373068110876165e-01,-4.004153979518101925e-01,-2.452787920937365695e-01,-3.890811670676471712e-01,-1.990939476945908782e-01,-2.064552271676084461e-01,1.739491379197544707e-01,-2.119202199902565364e-01,-7.366333815415184727e-01,1.940548872732007213e-01,-6.336434944063692454e-01,1.466079247708419186e-01,-3.031129986824712685e-01,-9.823183937885265893e-01,-1.056169664711426925e+00,2.015088642870334068e-01,-9.149414280448356918e-01,-7.140701198179153497e-01,-6.016470669802954641e-01,-1.763083047552967741e+00,2.292771773482163322e+00,-7.720657386322262727e-01,-2.728600577855916920e-01,3.168020212555541004e+00,-2.717464881947029842e-01,1.623396644898180030e+00,4.171768979717321302e-01,-8.752667767539870081e-01,1.623396644898180030e+00,-5.910848894588599522e-01,5.050662230996993962e-01,-1.012978192547918876e+00,4.693396640810578169e-01,-4.693396640810578724e-01,-7.669213604740112711e-01,-1.716049437998772076e+00,-1.958171584908740659e+00
-5.397491169964762081e-01,1.147383938468050202e+00,-9.361033453733564880e-01,-9.524199835873939923e-01,-4.693396640810578724e-01,1.381424385673473143e+00,-9.346073731253947692e-01,1.151889963260092742e+00,-5.380928475152151336e-01,7.979726086453979850e-01,-9.889193602065829980e-01,6.321184971563884591e-01,-4.073958975650440184e-01,-5.152835294477838834e-01,-4.518039560481214023e-01,-7.507680380590479041e-01,7.727437992379254661e-01,-2.657170827386743928e-01,-2.504284689981810530e-01,-2.478811152203630186e-01,1.739491379197544707e-01,-2.119202199902565364e-01,-7.366333815415184727e-01,1.940548872732007213e-01,-6.336434944063692454e-01,1.466079247708419186e-01,-3.031129986824712685e-01,-9.823183937885265893e-01,-1.056169664711426925e+00,2.015088642870334068e-01,-9.149414280448356918e-01,-7.140701198179153497e-01,-6.016470669802954641e-01,-1.763083047552967741e+00,2.292771773482163322e+00,-7.720657386322262727e-01,-2.728600577855916920e-01,3.168020212555541004e+00,-2.717464881947029842e-01,1.623396644898180030e+00,4.171768979717321302e-01,-8.752667767539870081e-01,1.623396644898180030e+00,-5.910848894588599522e-01,5.050662230996993962e-01,-1.012978192547918876e+00,4.693396640810578169e-01,-4.693396640810578724e-01,-7.669213604740112711e-01,-1.716049437998772076e+00,-1.958171584908740659e+00
-1.263905603117917664e+00,1.234171539736734546e+00,-7.166227336304215045e-01,-9.524199835873939923e-01,-4.693396640810578724e-01,1.381424385673473143e+00,-7.186046255025986262e-01,1.229358890876901977e+00,-1.264015978802538909e+00,1.400472209822642311e+00,-9.082136969187650788e-01,5.047429558430150953e-01,-6.512344027274045155e-01,-5.023074301100415306e-01,-6.928446900410355491e-01,-4.779025914535095509e-01,1.126616009122055617e+00,6.968320887444447165e-02,-2.465626593753621199e-01,-2.613135668765519393e-01,1.739491379197544707e-01,-2.119202199902565364e-01,-7.366333815415184727e-01,1.940548872732007213e-01,-6.336434944063692454e-01,1.466079247708419186e-01,-3.031129986824712685e-01,-9.823183937885265893e-01,-1.056169664711426925e+00,2.015088642870334068e-01,-9.149414280448356918e-01,-7.140701198179153497e-01,-6.016470669802954641e-01,-1.763083047552967741e+00,2.292771773482163322e+00,-7.720657386322262727e-01,-2.728600577855916920e-01,3.168020212555541004e+00,-2.717464881947029842e-01,1.623396644898180030e+00,4.171768979717321302e-01,-8.752667767539870081e-01,1.623396644898180030e+00,-5.910848894588599522e-01,5.050662230996993962e-01,-1.012978192547918876e+00,4.693396640810578169e-01,-4.693396640810578724e-01,-7.669213604740112711e-01,-1.716049437998772076e+00,-1.958171584908740659e+00
2.082009523004773044e+00,-6.508855420897173838e-01,-1.560534965774549310e+00,-9.524199835873939923e-01,-4.693396640810578724e-01,1.381424385673473143e+00,-1.561999066261560820e+00,-6.557183175866700964e-01,2.047212339518763802e+00,-1.364389492515519775e+00,-1.365321598109225265e+00,-4.548988322360695280e-01,1.268459362486346942e+00,-1.220749081446109940e+00,1.148489871038134824e+00,-1.229618673505046500e+00,-6.705729523522711011e-01,-1.163716968717794176e+00,-2.527680896755943318e-01,3.549098364199478051e-02,1.739491379197544707e-01,-2.119202199902565364e-01,-7.366333815415184727e-01,1.940548872732007213e-01,-6.336434944063692454e-01,1.466079247708419186e-01,-3.031129986824712685e-01,-9.823183937885265893e-01,-1.056169664711426925e+00,2.015088642870334068e-01,-9.149414280448356918e-01,-7.140701198179153497e-01,-6.016470669802954641e-01,-1.763083047552967741e+00,2.292771773482163322e+00,-7.720657386322262727e-01,-2.728600577855916920e-01,3.168020212555541004e+00,-2.717464881947029842e-01,1.623396644898180030e+00,4.171768979717321302e-01,-8.752667767539870081e-01,1.623396644898180030e+00,-5.910848894588599522e-01,5.050662230996993962e-01,-1.012978192547918876e+00,4.693396640810578169e-01,-4.693396640810578724e-01,1.303914653494498976e+00,-1.716049437998772076e+00,-1.958171584908740659e+00
2.058345767565405549e+00,-8.132973926645485907e-01,-6.053696429274874058e-01,-9.524199835873939923e-01,-4.693396640810578724e-01,1.381424385673473143e+00,-5.966239382854903184e-01,-8.106561728202880124e-01,2.085418820188702504e+00,-1.920791590596454546e+00,1.354358945904426959e-01,-5.576220213033842299e-01,1.743087717138012582e+00,-1.101487191487368067e-01,1.721498305065888745e+00,-7.545382720789945985e-01,-7.379055181235364413e-01,-8.369188058513975514e-01,-1.042021762947023672e-01,1.818686239996481768e-01,1.739491379197544707e-01,-2.119202199902565364e-01,-7.366333815415184727e-01,1.940548872732007213e-01,-6.336434944063692454e-01,1.466079247708419186e-01,-3.031129986824712685e-01,-9.823183937885265893e-01,-1.056169664711426925e+00,2.015088642870334068e-01,-9.149414280448356918e-01,-7.140701198179153497e-01,-6.016470669802954641e-01,-1.763083047552967741e+00,2.292771773482163322e+00,-7.720657386322262727e-01,-2.728600577855916920e-01,3.168020212555541004e+00,-2.717464881947029842e-01,1.623396644898180030e+00,4.171768979717321302e-01,-8.752667767539870081e-01,1.623396644898180030e+00,-5.910848894588599522e-01,5.050662230996993962e-01,-1.012978192547918876e+00,4.693396640810578169e-01,-4.693396640810578724e-01,1.303914653494498976e+00,-1.716049437998772076e+00,-1.958171584908740659e+00
1.716685017539641145e-01,2.564654237349902055e-01,-8.549759774700671500e-02,-9.524199835873939923e-01,-4.693396640810578724e-01,1.381424385673473143e+00,-9.515505061439932799e-02,2.480858258579227982e-01,1.623592968189839225e-01,-4.465518446009663633e-01,-2.430729540171755118e-02,2.881789716897099063e-01,-1.396934246253028408e-02,9.193336526618846316e-02,-5.473616754922857458e-03,-2.053891957083998909e-01,6.627363881308534488e-02,-1.272994379350533278e-01,-2.107848963149427657e-01,-2.166208401494114644e-01,1.739491379197544707e-01,-2.119202199902565364e-01,-7.366333815415184727e-01,1.940548872732007213e-01,-6.336434944063692454e-01,1.466079247708419186e-01,-3.031129986824712685e-01,-9.823183937885265893e-01,-1.056169664711426925e+00,2.015088642870334068e-01,-9.149414280448356918e-01,-7.140701198179153497e-01,-6.016470669802954641e-01,-1.763083047552967741e+00,2.292771773482163322e+00,-7.720657386322262727e-01,-2.728600577855916920e-01,3.168020212555541004e+00,-2.717464881947029842e-01,1.623396644898180030e+00,4.171768979717321302e-01,-8.752667767539870081e-01,1.623396644898180030e+00,-5.910848894588599522e-01,5.050662230996993962e-01,-1.012978192547918876e+00,4.693396640810578169e-01,-4.693396640810578724e-01,1.303914653494498976e+00,-1.716049437998772076e+00,-1.958171584908740659e+00
-4.580423037715871115e-01,-4.809646350293522166e-01,-7.263335775504234926e-01,-9.524199835873939923e-01,-4.693396640810578724e-01,1.381424385673473143e+00,-7.302432621364484122e-01,-4.835651471190132722e-01,-4.616798861753377281e-01,8.134286975793467711e-01,-8.451671196425257770e-01,-5.888750273124038204e-01,-3.829981542364426228e-01,-8.735616757854562930e-01,-4.603167629434410379e-01,-6.235574155170879873e-01,-4.364934442298589734e-01,-6.264234491841935704e-01,-1.951874250734279559e-01,-2.048357674269943585e-01,1.739491379197544707e-01,-2.119202199902565364e-01,-7.366333815415184727e-01,1.940548872732007213e-01,-6.336434944063692454e-01,1.466079247708419186e-01,-3.031129986824712685e-01,-9.823183937885265893e-01,-1.056169664711426925e+00,2.015088642870334068e-01,-9.149414280448356918e-01,-7.140701198179153497e-01,-6.016470669802954641e-01,-1.763083047552967741e+00,2.292771773482163322e+00,-7.720657386322262727e-01,-2.728600577855916920e-01,3.168020212555541004e+00,-2.717464881947029842e-01,1.623396644898180030e+00,4.171768979717321302e-01,-8.752667767539870081e-01,1.623396644898180030e+00,-5.910848894588599522e-01,5.050662230996993962e-01,-1.012978192547918876e+00,4.693396640810578169e-01,-4.693396640810578724e-01,1.303914653494498976e+00,-1.716049437998772076e+00,-1.958171584908740659e+00
1.361554213907364419e+00,4.312027667956589982e-01,-7.471033711336289018e-01,-9.524199835873939923e-01,-4.693396640810578724e-01,1.381424385673473143e+00,-7.433113738538814630e-01,4.374543115596182807e-01,1.372231182618192769e+00,-1.283446282486495837e+00,-3.882875301290912851e-01,8.982949207716085516e-01,8.414725415389584517e-01,4.709092428899981642e-02,8.402152621570528890e-01,-7.773965252615147037e-01,-2.585244772791807713e-02,-5.859395899096054849e-01,-2.372892331057705473e-01,-1.898194714417318907e-01,1.739491379197544707e-01,-2.119202199902565364e-01,-7.366333815415184727e-01,1.940548872732007213e-01,-6.336434944063692454e-01,1.466079247708419186e-01,-3.031129986824712685e-01,-9.823183937885265893e-01,-1.056169664711426925e+00,2.015088642870334068e-01,-9.149414280448356918e-01,-7.140701198179153497e-01,-6.016470669802954641e-01,-1.763083047552967741e+00,2.292771773482163322e+00,-7.720657386322262727e-01,-2.728600577855916920e-01,3.168020212555541004e+00,-2.717464881947029842e-01,1.623396644898180030e+00,4.171768979717321302e-01,-8.752667767539870081e-01,1.623396644898180030e+00,-5.910848894588599522e-01,5.050662230996993962e-01,-1.012978192547918876e+00,4.693396640810578169e-01,-4.693396640810578724e-01,1.303914653494498976e+00,-1.716049437998772076e+00,-1.958171584908740659e+00
1.394548898356755329e+00,3.981174096317647848e-01,-8.225647751608086145e-01,-9.524199835873939923e-01,-4.693396640810578724e-01,1.381424385673473143e+00,-8.296042711701868688e-01,3.858083598150792159e-01,1.372231182618192769e+00,-1.298420965972531871e+00,-4.866140713331106316e-01,8.429758442018430165e-01,8.489613212515007001e-01,-4.947849453643934914e-02,8.388273790392657414e-01,-8.232405993892518703e-01,-5.322062790007911492e-02,-6.302172792009312907e-01,-2.390248376211039361e-01,-1.873344099374738558e-01,1.739491379197544707e-01,-2.119202199902565364e-01,-7.366333815415184727e-01,1.940548872732007213e-01,-6.336434944063692454e-01,1.466079247708419186e-01,-3.031129986824712685e-01,-9.823183937885265893e-01,-1.056169664711426925e+00,2.015088642870334068e-01,-9.149414280448356918e-01,-7.140701198179153497e-01,-6.016470669802954641e-01,-1.763083047552967741e+00,2.292771773482163322e+00,-7.720657386322262727e-01,-2.728600577855916920e-01,3.168020212555541004e+00,-2.717464881947029842e-01,1.623396644898180030e+00,4.171768979717321302e-01,-8.752667767539870081e-01,1.623396644898180030e+00,-5.910848894588599522e-01,5.050662230996993962e-01,-1.012978192547918876e+00,4.693396640810578169e-01,-4.693396640810578724e-01,1.303914653494498976e+00,-1.716049437998772076e+00,-1.958171584908740659e+00
-1.317090876296789746e-02,1.904994169560333961e-01,-1.227412453966144179e+00,-9.524199835873939923e-01,-4.693396640810578724e-01,1.381424385673473143e+00,-1.228407817258648560e+00,1.878322134751525818e-01,-1.593761281389516685e-02,5.688267614995509147e-01,-1.182878384209761435e+00,-4.065551388424267637e-02,-2.137029543553172484e-01,-9.220210897698992714e-01,-2.965700779119129216e-01,-9.990410507006932672e-01,-4.775244981725190740e-02,-7.584644041667480963e-01,-2.494004538470846744e-01,-2.201794026630820300e-01,1.739491379197544707e-01,-2.119202199902565364e-01,-7.366333815415184727e-01,1.940548872732007213e-01,-6.336434944063692454e-01,1.466079247708419186e-01,-3.031129986824712685e-01,-9.823183937885265893e-01,-1.056169664711426925e+00,2.015088642870334068e-01,-9.149414280448356918e-01,-7.140701198179153497e-01,-6.016470669802954641e-01,-1.763083047552967741e+00,2.292771773482163322e+00,-7.720657386322262727e-01,-2.728600577855916920e-01,3.168020212555541004e+00,-2.717464881947029842e-01,1.623396644898180030e+00,4.171768979717321302e-01,-8.752667767539870081e-01,1.623396644898180030e+00,-5.910848894588599522e-01,5.050662230996993962e-01,-1.012978192547918876e+00,4.693396640810578169e-01,-4.693396640810578724e-01,1.303914653494498976e+00,-1.716049437998772076e+00,-1.958171584908740659e+00
-4.525907488263726797e-01,7.484349670678789312e-01,-5.065483644989220435e-01,-9.524199835873939923e-01,-4.693396640810578724e-01,1.381424385673473143e+00,-5.017775406303879304e-01,7.559376766226624245e-01,-4.489443929390274368e-01,4.838816394752187833e-01,-6.244596289587039939e-01,4.287378816903378298e-01,-3.581362427253085290e-01,-3.140298538253650240e-01,-3.844737984469763226e-01,-4.293333386000277585e-01,5.059992550888028351e-01,-1.278343803000983325e-01,-2.360646159631646090e-01,-2.427075698274327176e-01,1.739491379197544707e-01,-2.119202199902565364e-01,-7.366333815415184727e-01,1.940548872732007213e-01,-6.336434944063692454e-01,1.466079247708419186e-01,-3.031129986824712685e-01,-9.823183937885265893e-01,-1.056169664711426925e+00,2.015088642870334068e-01,-9.149414280448356918e-01,-7.140701198179153497e-01,-6.016470669802954641e-01,-1.763083047552967741e+00,2.292771773482163322e+00,-7.720657386322262727e-01,-2.728600577855916920e-01,3.168020212555541004e+00,-2.717464881947029842e-01,1.623396644898180030e+00,4.171768979717321302e-01,-8.752667767539870081e-01,1.623396644898180030e+00,-5.910848894588599522e-01,5.050662230996993962e-01,-1.012978192547918876e+00,4.693396640810578169e-01,-4.693396640810578724e-01,1.303914653494498976e+00,-1.716049437998772076e+00,-1.958171584908740659e+00
-5.874878602622930490e-01,7.080227849225941839e-01,-1.707665844637036301e-01,-9.524199835873939923e-01,-4.693396640810578724e-01,1.381424385673473143e+00,-1.738027328809041705e-01,7.042917248781233042e-01,-5.890348214214641276e-01,3.775980284765291239e-01,-3.490998084781417043e-01,4.206543484590877235e-01,-4.013614082236591218e-01,-1.061266107700425121e-01,-4.084093588067652658e-01,-1.209743639824611000e-01,5.566994314951049239e-01,1.198004082284847838e-01,-2.266411106336858050e-01,-2.453423944599809614e-01,1.739491379197544707e-01,-2.119202199902565364e-01,-7.366333815415184727e-01,1.940548872732007213e-01,-6.336434944063692454e-01,1.466079247708419186e-01,-3.031129986824712685e-01,-9.823183937885265893e-01,-1.056169664711426925e+00,2.015088642870334068e-01,-9.149414280448356918e-01,-7.140701198179153497e-01,-6.016470669802954641e-01,-1.763083047552967741e+00,2.292771773482163322e+00,-7.720657386322262727e-01,-2.728600577855916920e-01,3.168020212555541004e+00,-2.717464881947029842e-01,1.623396644898180030e+00,4.171768979717321302e-01,-8.752667767539870081e-01,1.623396644898180030e+00,-5.910848894588599522e-01,5.050662230996993962e-01,-1.012978192547918876e+00,4.693396640810578169e-01,-4.693396640810578724e-01,1.303914653494498976e+00,-1.716049437998772076e+00,-1.958171584908740659e+00
