9.495126519131472098e-02,-3.178276012795018812e-01,2.896159510684340188e-01,1.180894215934742419e+00,-4.693396640810578724e-01,-8.196684008946236721e-01,2.857335930329016338e-01,-3.195287185068776403e-01,9.190321205431385698e-02,1.862293255570817430e-01,7.099198043752782961e-02,-3.818714215736216944e-01,-1.334463221329963700e-01,-9.482821371666201593e-02,-1.411616062667266358e-01,-2.985663314749980451e-02,-3.676243665484213996e-01,-1.617783709237526901e-01,-1.442360241510606822e-01,-1.910885469169938122e-01,-3.500000000000000000e+01,-2.119202199902565364e-01,-2.424676326803760773e+00,-2.209391806848433948e+00,-2.282842945608810403e+00,-1.526631836933826536e+00,-2.850272739579817749e-01,-1.685921756442300135e+00,-1.912963914974931789e+00,-1.221728301112880999e+00,-2.588034351214495210e+00,-2.097315700432984542e+00,-1.304382539023555276e+00,-1.128666725435012452e+00,-1.631969984746165780e-01,2.489244332081014532e-01,-1.659283338144881936e+00,-2.985159123058397923e-01,-2.717464881947029842e-01,-7.067269225605926630e-01,-8.693195328940870326e-01,-2.675233244536631805e+00,-7.067269225605926630e-01,-2.251009418481123348e+00,-2.326217653394374862e-01,-1.012978192547918876e+00,4.693396640810578169e-01,-4.693396640810578724e-01,1.303914653494498976e+00,-9.827821505487437381e-01,8.328837041149389497e-01
-1.221831913274502801e+00,8.467267818999403284e-01,7.306811149170073794e-01,1.180894215934742419e+00,-4.693396640810578724e-01,-8.196684008946236721e-01,7.307919579210470085e-01,8.465730052350477486e-01,-1.221673236969350596e+00,1.278488642852828372e+00,5.359332559421794984e-02,2.769252435968159176e-01,-6.350958451556674156e-01,1.480753227700075392e-01,-6.176421311773788725e-01,7.196914158761956726e-01,8.102118877154594889e-01,8.350998001061431530e-01,-1.981816193025079109e-01,-2.605973193111066344e-01,-3.500000000000000000e+01,-2.119202199902565364e-01,-2.424676326803760773e+00,-2.209391806848433948e+00,-2.282842945608810403e+00,-1.526631836933826536e+00,-2.850272739579817749e-01,-1.685921756442300135e+00,-1.912963914974931789e+00,-1.221728301112880999e+00,-2.588034351214495210e+00,-2.097315700432984542e+00,-1.304382539023555276e+00,-1.128666725435012452e+00,-1.631969984746165780e-01,2.489244332081014532e-01,-1.659283338144881936e+00,-2.985159123058397923e-01,-2.717464881947029842e-01,-7.067269225605926630e-01,-8.693195328940870326e-01,-2.675233244536631805e+00,-7.067269225605926630e-01,-2.251009418481123348e+00,-2.326217653394374862e-01,-1.012978192547918876e+00,4.693396640810578169e-01,-4.693396640810578724e-01,1.303914653494498976e+00,-9.827821505487437381e-01,8.328837041149389497e-01
-1.016352579415610746e+00,-1.676700437818215081e-02,1.363568217857904941e+00,1.180894215934742419e+00,-4.693396640810578724e-01,-8.196684008946236721e-01,1.351614788360783637e+00,-2.137771051801809138e-02,-1.017622526338628264e+00,9.543818425614010170e-01,5.732133451798249180e-01,-2.682895446153644725e-01,-5.672209240771165506e-01,3.283771090320801167e-01,-5.339065209828911529e-01,1.177095394941615858e+00,3.935539387137576561e-02,8.764460237111715291e-01,-1.290527197350197497e-01,-2.508738104627014631e-01,-3.500000000000000000e+01,-2.119202199902565364e-01,-2.424676326803760773e+00,-2.209391806848433948e+00,-2.282842945608810403e+00,-1.526631836933826536e+00,-2.850272739579817749e-01,-1.685921756442300135e+00,-1.912963914974931789e+00,-1.221728301112880999e+00,-2.588034351214495210e+00,-2.097315700432984542e+00,-1.304382539023555276e+00,-1.128666725435012452e+00,-1.631969984746165780e-01,2.489244332081014532e-01,-1.659283338144881936e+00,-2.985159123058397923e-01,-2.717464881947029842e-01,-7.067269225605926630e-01,-8.693195328940870326e-01,-2.675233244536631805e+00,-7.067269225605926630e-01,-2.251009418481123348e+00,-2.326217653394374862e-01,-1.012978192547918876e+00,4.693396640810578169e-01,-4.693396640810578724e-01,-7.669213604740112711e-01,-9.827821505487437381e-01,8.328837041149389497e-01
5.205160369518446739e-01,1.295968958905330537e-01,1.653103906129618439e+00,1.180894215934742419e+00,-4.693396640810578724e-01,-8.196684008946236721e-01,1.640033936373433976e+00,1.243850057013306670e-01,5.127578029106173441e-01,-8.542405060470024125e-01,1.943939536329803319e+00,3.163261653858087108e-01,2.327176585137805120e-01,1.590168868521461665e+00,3.749460131135193275e-01,8.489073965654492238e-01,-6.414232763564987894e-02,5.968651376701135103e-01,-1.327688249249473762e-01,-2.025437335635573988e-01,-3.500000000000000000e+01,-2.119202199902565364e-01,-2.424676326803760773e+00,-2.209391806848433948e+00,-2.282842945608810403e+00,-1.526631836933826536e+00,-2.850272739579817749e-01,-1.685921756442300135e+00,-1.912963914974931789e+00,-1.221728301112880999e+00,-2.588034351214495210e+00,-2.097315700432984542e+00,-1.304382539023555276e+00,-1.128666725435012452e+00,-1.631969984746165780e-01,2.489244332081014532e-01,-1.659283338144881936e+00,-2.985159123058397923e-01,-2.717464881947029842e-01,-7.067269225605926630e-01,-8.693195328940870326e-01,-2.675233244536631805e+00,-7.067269225605926630e-01,-2.251009418481123348e+00,-2.326217653394374862e-01,-1.012978192547918876e+00,4.693396640810578169e-01,-4.693396640810578724e-01,-7.669213604740112711e-01,-9.827821505487437381e-01,8.328837041149389497e-01
-1.323803299944419587e+00,-4.771773291502429126e-01,-7.835351873622947716e-01,1.180894215934742419e+00,-4.693396640810578724e-01,-8.196684008946236721e-01,-7.854257504882141694e-01,-4.785425858265507371e-01,-1.323698592284711761e+00,2.152842337435840747e+00,-1.001366073840865178e+00,-6.896082336198344764e-01,-6.674127019873129507e-01,-1.023813445369305519e+00,-7.556675206347660545e-01,-6.017882734481089235e-01,-3.914270678460931019e-01,-5.894108905052988234e-01,-1.928130533118752599e-01,-2.611586223803690765e-01,-3.500000000000000000e+01,-2.119202199902565364e-01,-2.424676326803760773e+00,-2.209391806848433948e+00,-2.282842945608810403e+00,-1.526631836933826536e+00,-2.850272739579817749e-01,-1.685921756442300135e+00,-1.912963914974931789e+00,-1.221728301112880999e+00,-2.588034351214495210e+00,-2.097315700432984542e+00,-1.304382539023555276e+00,-1.128666725435012452e+00,-1.631969984746165780e-01,2.489244332081014532e-01,-1.659283338144881936e+00,-2.985159123058397923e-01,-2.717464881947029842e-01,-7.067269225605926630e-01,-8.693195328940870326e-01,-2.675233244536631805e+00,-7.067269225605926630e-01,-2.251009418481123348e+00,-2.326217653394374862e-01,-1.012978192547918876e+00,4.693396640810578169e-01,-4.693396640810578724e-01,-7.669213604740112711e-01,-9.827821505487437381e-01,8.328837041149389497e-01
6.367340485853796583e-02,-3.939110010179483479e-01,2.074153261094194622e+00,1.180894215934742419e+00,-4.693396640810578724e-01,-8.196684008946236721e-01,2.081957076856702837e+00,-3.924100736101198139e-01,6.639687334576620248e-02,-3.914009213405548193e-01,1.946807024390883267e+00,-3.494599521874057757e-01,-6.503017211052662672e-02,1.333581222173093606e+00,5.591611600829249351e-02,1.309504777877986026e+00,-3.711031202766224002e-01,8.171194623557719305e-01,-2.273431396068449628e-02,-1.855531328181797557e-01,-3.500000000000000000e+01,-2.119202199902565364e-01,-2.424676326803760773e+00,-2.209391806848433948e+00,-2.282842945608810403e+00,-1.526631836933826536e+00,-2.850272739579817749e-01,-1.685921756442300135e+00,-1.912963914974931789e+00,-1.221728301112880999e+00,-2.588034351214495210e+00,-2.097315700432984542e+00,-1.304382539023555276e+00,-1.128666725435012452e+00,-1.631969984746165780e-01,2.489244332081014532e-01,-1.659283338144881936e+00,-2.985159123058397923e-01,-2.717464881947029842e-01,-7.067269225605926630e-01,-8.693195328940870326e-01,-2.675233244536631805e+00,-7.067269225605926630e-01,-2.251009418481123348e+00,-2.326217653394374862e-01,-1.012978192547918876e+00,4.693396640810578169e-01,-4.693396640810578724e-01,-7.669213604740112711e-01,-9.827821505487437381e-01,8.328837041149389497e-01
-5.057826498454416342e-01,-3.908628923432875268e-01,9.410208822204780832e-01,1.180894215934742419e+00,-4.693396640810578724e-01,-8.196684008946236721e-01,9.359294995836844322e-01,-3.924100736101198139e-01,-5.074957502429937595e-01,6.227609121646902057e-01,4.078863824263869731e-01,-5.002313208583404336e-01,-3.857655021163453601e-01,1.134507682921917365e-01,-3.730392381940009772e-01,5.946167481743404037e-01,-3.497463706275962814e-01,3.020521042409072265e-01,-9.350977823370487663e-02,-2.168762844705258153e-01,-3.500000000000000000e+01,-2.119202199902565364e-01,-2.424676326803760773e+00,-2.209391806848433948e+00,-2.282842945608810403e+00,-1.526631836933826536e+00,-2.850272739579817749e-01,-1.685921756442300135e+00,-1.912963914974931789e+00,-1.221728301112880999e+00,-2.588034351214495210e+00,-2.097315700432984542e+00,-1.304382539023555276e+00,-1.128666725435012452e+00,-1.631969984746165780e-01,2.489244332081014532e-01,-1.659283338144881936e+00,-2.985159123058397923e-01,-2.717464881947029842e-01,-7.067269225605926630e-01,-8.693195328940870326e-01,-2.675233244536631805e+00,-7.067269225605926630e-01,-2.251009418481123348e+00,-2.326217653394374862e-01,-1.012978192547918876e+00,4.693396640810578169e-01,-4.693396640810578724e-01,1.303914653494498976e+00,-9.827821505487437381e-01,8.328837041149389497e-01
-1.362148018038128461e+00,-7.020161734080635485e-01,4.097629510737070824e+00,1.180894215934742419e+00,-4.693396640810578724e-01,-8.196684008946236721e-01,4.075132682372078818e+00,-7.038122387121682477e-01,-1.361958100588118503e+00,4.711737143251393256e-01,2.831234537047280231e+00,-7.298743799498648155e-01,-6.773988882621126972e-01,1.853277762850932042e+00,-5.055573143926535007e-01,4.577488958945509445e+00,-4.382870375580397160e-01,3.183246841081889489e+00,3.458090462446062330e-01,-2.635129769144156642e-01,-3.500000000000000000e+01,-2.119202199902565364e-01,-2.424676326803760773e+00,-2.209391806848433948e+00,-2.282842945608810403e+00,-1.526631836933826536e+00,-2.850272739579817749e-01,-1.685921756442300135e+00,-1.912963914974931789e+00,-1.221728301112880999e+00,-2.588034351214495210e+00,-2.097315700432984542e+00,-1.304382539023555276e+00,-1.128666725435012452e+00,-1.631969984746165780e-01,2.489244332081014532e-01,-1.659283338144881936e+00,-2.985159123058397923e-01,-2.717464881947029842e-01,-7.067269225605926630e-01,-8.693195328940870326e-01,-2.675233244536631805e+00,-7.067269225605926630e-01,-2.251009418481123348e+00,-2.326217653394374862e-01,-1.012978192547918876e+00,4.693396640810578169e-01,-4.693396640810578724e-01,1.303914653494498976e+00,-9.827821505487437381e-01,8.328837041149389497e-01
5.461305136907699254e-01,-1.963954272985709293e-01,9.725740826569116981e-01,1.180894215934742419e+00,-4.693396640810578724e-01,-8.196684008946236721e-01,9.621284530899570919e-01,-2.002683165139068078e-01,5.382641416191650263e-01,-5.817581546321809460e-01,1.042169406511097796e+00,-1.162332260042030080e-01,1.784127068001562788e-01,7.414274446111789318e-01,2.442796174206899595e-01,3.479787348385282586e-01,-3.070587767287785153e-01,1.377962065790357127e-01,-1.246918660875138418e-01,-1.806854763855570145e-01,-3.500000000000000000e+01,-2.119202199902565364e-01,-2.424676326803760773e+00,-2.209391806848433948e+00,-2.282842945608810403e+00,-1.526631836933826536e+00,-2.850272739579817749e-01,-1.685921756442300135e+00,-1.912963914974931789e+00,-1.221728301112880999e+00,-2.588034351214495210e+00,-2.097315700432984542e+00,-1.304382539023555276e+00,-1.128666725435012452e+00,-1.631969984746165780e-01,2.489244332081014532e-01,-1.659283338144881936e+00,-2.985159123058397923e-01,-2.717464881947029842e-01,-7.067269225605926630e-01,-8.693195328940870326e-01,-2.675233244536631805e+00,-7.067269225605926630e-01,-2.251009418481123348e+00,-2.326217653394374862e-01,-1.012978192547918876e+00,4.693396640810578169e-01,-4.693396640810578724e-01,-7.669213604740112711e-01,-9.827821505487437381e-01,8.328837041149389497e-01
-2.695017846379971216e-01,4.361606153453892465e-01,2.242655469130518053e+00,1.180894215934742419e+00,-4.693396640810578724e-01,-8.196684008946236721e-01,2.258656862241341656e+00,4.424127463535413862e-01,-2.651855313088647415e-01,-2.225247326013760352e-01,1.961284354300976807e+00,3.973195288239065870e-01,-2.264210672035132377e-01,1.634737616234049451e+00,-7.722174404033890771e-02,1.664817970491915045e+00,3.275899393793818004e-01,1.343099258298456222e+00,-1.388357097741620416e-01,-2.349481110996193001e-01,-3.500000000000000000e+01,-2.119202199902565364e-01,-2.424676326803760773e+00,-2.209391806848433948e+00,-2.282842945608810403e+00,-1.526631836933826536e+00,-2.850272739579817749e-01,-1.685921756442300135e+00,-1.912963914974931789e+00,-1.221728301112880999e+00,-2.588034351214495210e+00,-2.097315700432984542e+00,-1.304382539023555276e+00,-1.128666725435012452e+00,-1.631969984746165780e-01,2.489244332081014532e-01,-1.659283338144881936e+00,-2.985159123058397923e-01,-2.717464881947029842e-01,-7.067269225605926630e-01,-8.693195328940870326e-01,-2.675233244536631805e+00,-7.067269225605926630e-01,-2.251009418481123348e+00,-2.326217653394374862e-01,-1.012978192547918876e+00,4.693396640810578169e-01,-4.693396640810578724e-01,-7.669213604740112711e-01,-9.827821505487437381e-01,8.328837041149389497e-01
-4.582790804379054950e-01,-5.989160690425543443e-01,4.092638705282045652e-01,1.180894215934742419e+00,-4.693396640810578724e-01,-8.196684008946236721e-01,4.134972473449649577e-01,-5.978029878195215696e-01,-4.564830723447276806e-01,8.185271772613607055e-01,-3.118684177002923816e-02,-6.751979837527757322e-01,-3.800577225073598076e-01,-2.859487463893826131e-01,-4.034658929904257341e-01,1.589166157589232131e-01,-5.207522715727910256e-01,-8.190776590084201947e-02,-7.817126446568185838e-02,-1.958533120545335182e-01,-3.500000000000000000e+01,-2.119202199902565364e-01,-2.424676326803760773e+00,-2.209391806848433948e+00,-2.282842945608810403e+00,-1.526631836933826536e+00,-2.850272739579817749e-01,-1.685921756442300135e+00,-1.912963914974931789e+00,-1.221728301112880999e+00,-2.588034351214495210e+00,-2.097315700432984542e+00,-1.304382539023555276e+00,-1.128666725435012452e+00,-1.631969984746165780e-01,2.489244332081014532e-01,-1.659283338144881936e+00,-2.985159123058397923e-01,-2.717464881947029842e-01,-7.067269225605926630e-01,-8.693195328940870326e-01,-2.675233244536631805e+00,-7.067269225605926630e-01,-2.251009418481123348e+00,-2.326217653394374862e-01,-1.012978192547918876e+00,4.693396640810578169e-01,-4.693396640810578724e-01,-7.669213604740112711e-01,-9.827821505487437381e-01,8.328837041149389497e-01
-6.140321518824587432e-01,1.012634402591798821e+00,1.401141832182792424e+00,1.180894215934742419e+00,-4.693396640810578724e-01,-8.196684008946236721e-01,1.419808231922080166e+00,1.025463605218071672e+00,-6.095211055583545923e-01,3.696134898477201336e-01,8.822296146637499392e-01,6.855084175759218468e-01,-4.068157874039185495e-01,9.322992115591525186e-01,-3.199468290985639229e-01,1.104393690852849552e+00,8.295363975235470200e-01,1.124002561221293606e+00,-1.879512161947022586e-01,-2.491578547339779182e-01,-3.500000000000000000e+01,-2.119202199902565364e-01,-2.424676326803760773e+00,-2.209391806848433948e+00,-2.282842945608810403e+00,-1.526631836933826536e+00,-2.850272739579817749e-01,-1.685921756442300135e+00,-1.912963914974931789e+00,-1.221728301112880999e+00,-2.588034351214495210e+00,-2.097315700432984542e+00,-1.304382539023555276e+00,-1.128666725435012452e+00,-1.631969984746165780e-01,2.489244332081014532e-01,-1.659283338144881936e+00,-2.985159123058397923e-01,-2.717464881947029842e-01,-7.067269225605926630e-01,-8.693195328940870326e-01,-2.675233244536631805e+00,-7.067269225605926630e-01,-2.251009418481123348e+00,-2.326217653394374862e-01,-1.012978192547918876e+00,4.693396640810578169e-01,-4.693396640810578724e-01,-7.669213604740112711e-01,-9.827821505487437381e-01,8.328837041149389497e-01
-1.221550718682047121e+00,6.913873549311367883e-01,1.841242625285893331e+00,1.180894215934742419e+00,-4.693396640810578724e-01,-8.196684008946236721e-01,1.834480407743355412e+00,6.875591319025100567e-01,-1.221673236969350596e+00,8.950692601787030300e-01,9.307947422366494861e-01,2.602729788121537768e-01,-6.320040741586380184e-01,8.036907959873351714e-01,-5.553154484871196672e-01,1.828748876871618023e+00,7.825848839257123490e-01,1.636256474221415402e+00,-1.651010813310502257e-01,-2.603456078638656801e-01,-3.500000000000000000e+01,-2.119202199902565364e-01,-2.424676326803760773e+00,-2.209391806848433948e+00,-2.282842945608810403e+00,-1.526631836933826536e+00,-2.850272739579817749e-01,-1.685921756442300135e+00,-1.912963914974931789e+00,-1.221728301112880999e+00,-2.588034351214495210e+00,-2.097315700432984542e+00,-1.304382539023555276e+00,-1.128666725435012452e+00,-1.631969984746165780e-01,2.489244332081014532e-01,-1.659283338144881936e+00,-2.985159123058397923e-01,-2.717464881947029842e-01,-7.067269225605926630e-01,-8.693195328940870326e-01,-2.675233244536631805e+00,-7.067269225605926630e-01,-2.251009418481123348e+00,-2.326217653394374862e-01,-1.012978192547918876e+00,4.693396640810578169e-01,-4.693396640810578724e-01,-7.669213604740112711e-01,-9.827821505487437381e-01,8.328837041149389497e-01
1.826854360984501380e+00,-1.082102946020056189e+00,-1.273485762050106107e+00,1.180894215934742419e+00,-4.693396640810578724e-01,-8.196684008946236721e-01,-1.270452376242718007e+00,-1.081470183367296833e+00,1.851840591124000568e+00,-9.825005528219120654e-01,-1.061860514447127590e+00,-1.005756800579300947e+00,9.422066540403130075e-01,-1.192341355723096630e+00,8.284034404172410104e-01,-1.075301841269640679e+00,-8.823856203738961179e-01,-1.122827271354482903e+00,6.511745638250849948e-03,1.570315173872226078e+00,-3.500000000000000000e+01,-2.119202199902565364e-01,-2.424676326803760773e+00,-2.209391806848433948e+00,-2.282842945608810403e+00,-1.526631836933826536e+00,-2.850272739579817749e-01,-1.685921756442300135e+00,-1.912963914974931789e+00,-1.221728301112880999e+00,-2.588034351214495210e+00,-2.097315700432984542e+00,-1.304382539023555276e+00,-1.128666725435012452e+00,-1.631969984746165780e-01,2.489244332081014532e-01,-1.659283338144881936e+00,-2.985159123058397923e-01,-2.717464881947029842e-01,-7.067269225605926630e-01,-8.693195328940870326e-01,-2.675233244536631805e+00,-7.067269225605926630e-01,-2.251009418481123348e+00,-2.326217653394374862e-01,-1.012978192547918876e+00,4.693396640810578169e-01,-4.693396640810578724e-01,1.303914653494498976e+00,-9.827821505487437381e-01,8.328837041149389497e-01
-9.675010170835841583e-01,1.814258112313601734e-01,2.867316376620884011e+00,1.180894215934742419e+00,-4.693396640810578724e-01,-8.196684008946236721e-01,2.876821172761530487e+00,1.840152097042485058e-01,-9.666098489215332323e-01,3.558163735963585372e-01,2.013043806640431477e+00,3.749151858971376278e-03,-5.348113647150901651e-01,1.520846528853018187e+00,-3.939289368035754357e-01,2.724782183532442392e+00,3.108713750311583035e-01,2.112478691488133720e+00,-9.472015971228311959e-02,-2.512283745377994482e-01,-3.500000000000000000e+01,-2.119202199902565364e-01,-2.424676326803760773e+00,-2.209391806848433948e+00,-2.282842945608810403e+00,-1.526631836933826536e+00,-2.850272739579817749e-01,-1.685921756442300135e+00,-1.912963914974931789e+00,-1.221728301112880999e+00,-2.588034351214495210e+00,-2.097315700432984542e+00,-1.304382539023555276e+00,-1.128666725435012452e+00,-1.631969984746165780e-01,2.489244332081014532e-01,-1.659283338144881936e+00,-2.985159123058397923e-01,-2.717464881947029842e-01,-7.067269225605926630e-01,-8.693195328940870326e-01,-2.675233244536631805e+00,-7.067269225605926630e-01,-2.251009418481123348e+00,-2.326217653394374862e-01,-1.012978192547918876e+00,4.693396640810578169e-01,-4.693396640810578724e-01,1.303914653494498976e+00,-9.827821505487437381e-01,8.328837041149389497e-01
-7.884726196773367279e-02,-9.277597988797936512e-01,8.765850494261184789e-01,1.180894215934742419e+00,-4.693396640810578724e-01,-8.196684008946236721e-01,8.614059032274679062e-01,-9.290818855849211078e-01,-8.664115938669013361e-02,2.532203078324468670e-01,5.020908225465109398e-01,-9.008879950640912293e-01,-2.071899451194824660e-01,2.884194929625494286e-02,-2.032552251642120444e-01,4.032845341626851710e-01,-7.627468843496406636e-01,4.825201861441354330e-03,2.750808916022248196e-01,-2.807752337664356362e-02,-3.500000000000000000e+01,-2.119202199902565364e-01,-2.424676326803760773e+00,-2.209391806848433948e+00,-2.282842945608810403e+00,-1.526631836933826536e+00,-2.850272739579817749e-01,-1.685921756442300135e+00,-1.912963914974931789e+00,-1.221728301112880999e+00,-2.588034351214495210e+00,-2.097315700432984542e+00,-1.304382539023555276e+00,-1.128666725435012452e+00,-1.631969984746165780e-01,2.489244332081014532e-01,-1.659283338144881936e+00,-2.985159123058397923e-01,-2.717464881947029842e-01,-7.067269225605926630e-01,-8.693195328940870326e-01,-2.675233244536631805e+00,-7.067269225605926630e-01,-2.251009418481123348e+00,-2.326217653394374862e-01,-1.012978192547918876e+00,4.693396640810578169e-01,-4.693396640810578724e-01,-7.669213604740112711e-01,-9.827821505487437381e-01,8.328837041149389497e-01
3.911680308223242641e-01,5.879581640461962744e-01,8.769763295152311899e-01,1.180894215934742419e+00,-4.693396640810578724e-01,-8.196684008946236721e-01,8.873172033985438079e-01,5.948010381230521837e-01,3.979792780003971742e-01,-4.834051374898281628e-01,9.073485300562931233e-01,6.489730634519108587e-01,9.507563462961611533e-02,9.370591244190653590e-01,1.791579421276136286e-01,3.454696927537735940e-01,2.328141326035253200e-01,3.414498794640575818e-01,-1.858267932992599403e-01,-2.216696758682699941e-01,-3.500000000000000000e+01,-2.119202199902565364e-01,-2.424676326803760773e+00,-2.209391806848433948e+00,-2.282842945608810403e+00,-1.526631836933826536e+00,-2.850272739579817749e-01,-1.685921756442300135e+00,-1.912963914974931789e+00,-1.221728301112880999e+00,-2.588034351214495210e+00,-2.097315700432984542e+00,-1.304382539023555276e+00,-1.128666725435012452e+00,-1.631969984746165780e-01,2.489244332081014532e-01,-1.659283338144881936e+00,-2.985159123058397923e-01,-2.717464881947029842e-01,-7.067269225605926630e-01,-8.693195328940870326e-01,-2.675233244536631805e+00,-7.067269225605926630e-01,-2.251009418481123348e+00,-2.326217653394374862e-01,-1.012978192547918876e+00,4.693396640810578169e-01,-4.693396640810578724e-01,-7.669213604740112711e-01,-9.827821505487437381e-01,8.328837041149389497e-01
-9.165788234430800596e-01,-1.022152344720206774e+00,5.478411276770656091e-01,1.180894215934742419e+00,-4.693396640810578724e-01,-8.196684008946236721e-01,5.523716890975669536e-01,-1.021839979364378870e+00,-9.155971710232672089e-01,1.346259265187340182e+00,-7.855951801499309883e-02,-9.995208864993754272e-01,-5.443993978360006647e-01,-4.477495814605205182e-01,-5.813778359521563077e-01,3.664382864073287838e-01,-8.162454353570931520e-01,-4.250396313027021006e-02,5.362310005775670074e-01,-1.234288820571117218e-01,-3.500000000000000000e+01,-2.119202199902565364e-01,-2.424676326803760773e+00,-2.209391806848433948e+00,-2.282842945608810403e+00,-1.526631836933826536e+00,-2.850272739579817749e-01,-1.685921756442300135e+00,-1.912963914974931789e+00,-1.221728301112880999e+00,-2.588034351214495210e+00,-2.097315700432984542e+00,-1.304382539023555276e+00,-1.128666725435012452e+00,-1.631969984746165780e-01,2.489244332081014532e-01,-1.659283338144881936e+00,-2.985159123058397923e-01,-2.717464881947029842e-01,-7.067269225605926630e-01,-8.693195328940870326e-01,-2.675233244536631805e+00,-7.067269225605926630e-01,-2.251009418481123348e+00,-2.326217653394374862e-01,-1.012978192547918876e+00,4.693396640810578169e-01,-4.693396640810578724e-01,-7.669213604740112711e-01,-9.827821505487437381e-01,8.328837041149389497e-01
-1.183920340296364726e+00,-1.127961413639619659e+00,1.563620916627947111e+00,1.180894215934742419e+00,-4.693396640810578724e-01,-8.196684008946236721e-01,1.570329869585715299e+00,-1.127849224244160897e+00,-1.183413728665943854e+00,1.292353630833249944e+00,5.898773832951813567e-01,-1.070850814690140762e+00,-6.236909289991130478e-01,2.904624069775320686e-02,-6.170681993187553394e-01,1.367584438082610987e+00,-8.953188407374201851e-01,6.600951147128401031e-01,5.507604165914983696e+00,1.665521280019219980e-02,-3.500000000000000000e+01,-2.119202199902565364e-01,-2.424676326803760773e+00,-2.209391806848433948e+00,-2.282842945608810403e+00,-1.526631836933826536e+00,-2.850272739579817749e-01,-1.685921756442300135e+00,-1.912963914974931789e+00,-1.221728301112880999e+00,-2.588034351214495210e+00,-2.097315700432984542e+00,-1.304382539023555276e+00,-1.128666725435012452e+00,-1.631969984746165780e-01,2.489244332081014532e-01,-1.659283338144881936e+00,-2.985159123058397923e-01,-2.717464881947029842e-01,-7.067269225605926630e-01,-8.693195328940870326e-01,-2.675233244536631805e+00,-7.067269225605926630e-01,-2.251009418481123348e+00,-2.326217653394374862e-01,-1.012978192547918876e+00,4.693396640810578169e-01,-4.693396640810578724e-01,-7.669213604740112711e-01,-9.827821505487437381e-01,8.328837041149389497e-01
1.252833931749744334e+00,-1.008635235227643534e+00,9.703213301839820337e-01,1.180894215934742419e+00,-4.693396640810578724e-01,-8.196684008946236721e-01,9.704667459359327397e-01,-1.008588822251190065e+00,1.252441628826692854e+00,-1.199707430538345942e+00,1.549880185767312346e+00,-9.111560178798296938e-01,7.309487527599344281e-01,8.156936295180605700e-01,7.999864052901096700e-01,1.772405426247530280e-01,-8.346698544664211683e-01,-1.879826092041467223e-01,5.992928163914251760e-01,4.823893464727637692e-01,-3.500000000000000000e+01,-2.119202199902565364e-01,-2.424676326803760773e+00,-2.209391806848433948e+00,-2.282842945608810403e+00,-1.526631836933826536e+00,-2.850272739579817749e-01,-1.685921756442300135e+00,-1.912963914974931789e+00,-1.221728301112880999e+00,-2.588034351214495210e+00,-2.097315700432984542e+00,-1.304382539023555276e+00,-1.128666725435012452e+00,-1.631969984746165780e-01,2.489244332081014532e-01,-1.659283338144881936e+00,-2.985159123058397923e-01,-2.717464881947029842e-01,-7.067269225605926630e-01,-8.693195328940870326e-01,-2.675233244536631805e+00,-7.067269225605926630e-01,-2.251009418481123348e+00,-2.326217653394374862e-01,-1.012978192547918876e+00,4.693396640810578169e-01,-4.693396640810578724e-01,-7.669213604740112711e-01,-9.827821505487437381e-01,8.328837041149389497e-01
1.051837846282645872e+00,-9.828164525569860199e-01,9.495176678633109324e-01,1.180894215934742419e+00,-4.693396640810578724e-01,-8.196684008946236721e-01,9.601592112387984379e-01,-9.820865140376768831e-01,1.061144087309658923e+00,-9.626925698964946543e-01,1.325637116262784909e+00,-8.935329635998257025e-01,5.365936730898624996e-01,6.532902458313645244e-01,5.921989699391226880e-01,2.026960609950374526e-01,-8.174216494973051139e-01,-1.627876684522242545e-01,4.650843362733872999e-01,3.214535730135616998e-01,-3.500000000000000000e+01,-2.119202199902565364e-01,-2.424676326803760773e+00,-2.209391806848433948e+00,-2.282842945608810403e+00,-1.526631836933826536e+00,-2.850272739579817749e-01,-1.685921756442300135e+00,-1.912963914974931789e+00,-1.221728301112880999e+00,-2.588034351214495210e+00,-2.097315700432984542e+00,-1.304382539023555276e+00,-1.128666725435012452e+00,-1.631969984746165780e-01,2.489244332081014532e-01,-1.659283338144881936e+00,-2.985159123058397923e-01,-2.717464881947029842e-01,-7.067269225605926630e-01,-8.693195328940870326e-01,-2.675233244536631805e+00,-7.067269225605926630e-01,-2.251009418481123348e+00,-2.326217653394374862e-01,-1.012978192547918876e+00,4.693396640810578169e-01,-4.693396640810578724e-01,1.303914653494498976e+00,-9.827821505487437381e-01,8.328837041149389497e-01
-9.275745476730465899e-01,-2.568642800408940316e-02,1.611220496530010537e+00,1.180894215934742419e+00,-4.693396640810578724e-01,-8.196684008946236721e-01,1.604885205075573751e+00,-2.800328606818015820e-02,-9.283503406181264905e-01,7.804328781269913584e-01,8.226141262452305591e-01,-2.454338406665263761e-01,-5.339531180221996909e-01,5.255005401128766129e-01,-4.830358667072360834e-01,1.370172199191884044e+00,2.975849057248800347e-02,1.014097943136116342e+00,-1.177323970327548291e-01,-2.475033660735808938e-01,-3.500000000000000000e+01,-2.119202199902565364e-01,-2.424676326803760773e+00,-2.209391806848433948e+00,-2.282842945608810403e+00,-1.526631836933826536e+00,-2.850272739579817749e-01,-1.685921756442300135e+00,-1.912963914974931789e+00,-1.221728301112880999e+00,-2.588034351214495210e+00,-2.097315700432984542e+00,-1.304382539023555276e+00,-1.128666725435012452e+00,-1.631969984746165780e-01,2.489244332081014532e-01,-1.659283338144881936e+00,-2.985159123058397923e-01,-2.717464881947029842e-01,-7.067269225605926630e-01,-8.693195328940870326e-01,-2.675233244536631805e+00,-7.067269225605926630e-01,-2.251009418481123348e+00,-2.326217653394374862e-01,-1.012978192547918876e+00,4.693396640810578169e-01,-4.693396640810578724e-01,1.303914653494498976e+00,-9.827821505487437381e-01,8.328837041149389497e-01
5.728953415042166153e-01,-4.666547359000448036e-01,5.267737296962339277e-01,1.180894215934742419e+00,-4.693396640810578724e-01,-8.196684008946236721e-01,5.312591127097192611e-01,-4.652914287133618765e-01,5.765236499225719902e-01,-3.805594069082921527e-01,5.194707539254564965e-01,-4.220146056730533779e-01,1.514036814462802472e-01,2.280697888251019267e-01,1.710462829872143320e-01,3.822271548428772536e-02,-4.919483364390879188e-01,-1.592749950781778556e-01,-1.040889778779533065e-01,-1.465196669288201525e-01,-3.500000000000000000e+01,-2.119202199902565364e-01,-2.424676326803760773e+00,-2.209391806848433948e+00,-2.282842945608810403e+00,-1.526631836933826536e+00,-2.850272739579817749e-01,-1.685921756442300135e+00,-1.912963914974931789e+00,-1.221728301112880999e+00,-2.588034351214495210e+00,-2.097315700432984542e+00,-1.304382539023555276e+00,-1.128666725435012452e+00,-1.631969984746165780e-01,2.489244332081014532e-01,-1.659283338144881936e+00,-2.985159123058397923e-01,-2.717464881947029842e-01,-7.067269225605926630e-01,-8.693195328940870326e-01,-2.675233244536631805e+00,-7.067269225605926630e-01,-2.251009418481123348e+00,-2.326217653394374862e-01,-1.012978192547918876e+00,4.693396640810578169e-01,-4.693396640810578724e-01,-7.669213604740112711e-01,-9.827821505487437381e-01,8.328837041149389497e-01
-1.055390274251011951e+00,1.071050113870685022e-01,1.243887611623941403e-01,1.180894215934742419e+00,-4.693396640810578724e-01,-8.196684008946236721e-01,1.208130673719216702e-01,1.045082730379796460e-01,-1.055882034642035228e+00,1.431295496448913962e+00,-3.703956431156895102e-01,-2.523127881476562306e-01,-5.875404364338637775e-01,-3.776234819224070782e-01,-6.179043446360130698e-01,9.717294006393495387e-02,8.134176332557881139e-02,1.020776048079805876e-01,-1.876301399736599040e-01,-2.534016437537098820e-01,-3.500000000000000000e+01,-2.119202199902565364e-01,-2.424676326803760773e+00,-2.209391806848433948e+00,-2.282842945608810403e+00,-1.526631836933826536e+00,-2.850272739579817749e-01,-1.685921756442300135e+00,-1.912963914974931789e+00,-1.221728301112880999e+00,-2.588034351214495210e+00,-2.097315700432984542e+00,-1.304382539023555276e+00,-1.128666725435012452e+00,-1.631969984746165780e-01,2.489244332081014532e-01,-1.659283338144881936e+00,-2.985159123058397923e-01,-2.717464881947029842e-01,-7.067269225605926630e-01,-8.693195328940870326e-01,-2.675233244536631805e+00,-7.067269225605926630e-01,-2.251009418481123348e+00,-2.326217653394374862e-01,-1.012978192547918876e+00,4.693396640810578169e-01,-4.693396640810578724e-01,-7.669213604740112711e-01,-9.827821505487437381e-01,8.328837041149389497e-01
1.347545385414735231e+00,-1.651174417702107322e-01,8.858620787298620014e-01,1.180894215934742419e+00,-4.693396640810578724e-01,-8.196684008946236721e-01,8.808730726515912046e-01,-1.671404267373668429e-01,1.341713814547194961e+00,-1.426009779399058486e+00,1.674483381281368199e+00,2.080264881166464519e-01,8.917191923759120176e-01,1.344701138550484343e+00,1.007538254788874266e+00,1.326068855630616883e-01,-3.529300954236523902e-01,-3.728517717131167586e-02,-1.329296390935629513e-01,-1.496191011377775992e-01,-3.500000000000000000e+01,-2.119202199902565364e-01,-2.424676326803760773e+00,-2.209391806848433948e+00,-2.282842945608810403e+00,-1.526631836933826536e+00,-2.850272739579817749e-01,-1.685921756442300135e+00,-1.912963914974931789e+00,-1.221728301112880999e+00,-2.588034351214495210e+00,-2.097315700432984542e+00,-1.304382539023555276e+00,-1.128666725435012452e+00,-1.631969984746165780e-01,2.489244332081014532e-01,-1.659283338144881936e+00,-2.985159123058397923e-01,-2.717464881947029842e-01,-7.067269225605926630e-01,-8.693195328940870326e-01,-2.675233244536631805e+00,-7.067269225605926630e-01,-2.251009418481123348e+00,-2.326217653394374862e-01,-1.012978192547918876e+00,4.693396640810578169e-01,-4.693396640810578724e-01,-7.669213604740112711e-01,-9.827821505487437381e-01,8.328837041149389497e-01
3.446419874969944286e-01,4.721612415373838689e-01,6.793952957426758754e-01,1.180894215934742419e+00,-4.693396640810578724e-01,-8.196684008946236721e-01,6.653710122313304387e-01,4.622894790168924350e-01,3.342134309884429166e-01,-3.804628227408703989e-01,6.420481878242668694e-01,4.756732529295411571e-01,4.778572006268092670e-02,6.694663535276370592e-01,1.079860137010692500e-01,2.136415713331727972e-01,1.510721268442554999e-01,2.138572815173916397e-01,-1.866366035195009543e-01,-2.198802260730438884e-01,-3.500000000000000000e+01,-2.119202199902565364e-01,-2.424676326803760773e+00,-2.209391806848433948e+00,-2.282842945608810403e+00,-1.526631836933826536e+00,-2.850272739579817749e-01,-1.685921756442300135e+00,-1.912963914974931789e+00,-1.221728301112880999e+00,-2.588034351214495210e+00,-2.097315700432984542e+00,-1.304382539023555276e+00,-1.128666725435012452e+00,-1.631969984746165780e-01,2.489244332081014532e-01,-1.659283338144881936e+00,-2.985159123058397923e-01,-2.717464881947029842e-01,-7.067269225605926630e-01,-8.693195328940870326e-01,-2.675233244536631805e+00,-7.067269225605926630e-01,-2.251009418481123348e+00,-2.326217653394374862e-01,-1.012978192547918876e+00,4.693396640810578169e-01,-4.693396640810578724e-01,-7.669213604740112711e-01,-9.827821505487437381e-01,8.328837041149389497e-01
3.437454698813095511e-01,-1.055217678757523370e+00,1.915444636233994524e+00,1.180894215934742419e+00,-4.693396640810578724e-01,-8.196684008946236721e-01,1.922908095196959932e+00,-1.054967869140918779e+00,3.469666005833020872e-01,-5.266585475771355940e-01,1.917652699227730739e+00,-9.890373522387762018e-01,8.116842516751852921e-02,1.063010190829501322e+00,1.767233663804846644e-01,1.042038599898999829e+00,-8.511075618284820177e-01,4.386698734237362007e-01,1.448805547385736858e+00,4.515829738918948344e-01,-3.500000000000000000e+01,-2.119202199902565364e-01,-2.424676326803760773e+00,-2.209391806848433948e+00,-2.282842945608810403e+00,-1.526631836933826536e+00,-2.850272739579817749e-01,-1.685921756442300135e+00,-1.912963914974931789e+00,-1.221728301112880999e+00,-2.588034351214495210e+00,-2.097315700432984542e+00,-1.304382539023555276e+00,-1.128666725435012452e+00,-1.631969984746165780e-01,2.489244332081014532e-01,-1.659283338144881936e+00,-2.985159123058397923e-01,-2.717464881947029842e-01,-7.067269225605926630e-01,-8.693195328940870326e-01,-2.675233244536631805e+00,-7.067269225605926630e-01,-2.251009418481123348e+00,-2.326217653394374862e-01,-1.012978192547918876e+00,4.693396640810578169e-01,-4.693396640810578724e-01,-7.669213604740112711e-01,-9.827821505487437381e-01,8.328837041149389497e-01
1.316613980244625060e+00,-7.038257628966929635e-01,-8.735021897296767479e-01,1.180894215934742419e+00,-4.693396640810578724e-01,-8.196684008946236721e-01,-8.736227686671125259e-01,-7.038122387121682477e-01,1.316207475838647056e+00,-6.592446594650201996e-01,-7.098047401867542128e-01,-6.199429885111276128e-01,5.540947134149146747e-01,-7.766762838617796705e-01,4.803470253219542796e-01,-8.575362532872591315e-01,-6.789269098387131773e-01,-8.860120744972755924e-01,-1.710505442562419987e-01,-1.630575072305049528e-02,-3.500000000000000000e+01,-2.119202199902565364e-01,-2.424676326803760773e+00,-2.209391806848433948e+00,-2.282842945608810403e+00,-1.526631836933826536e+00,-2.850272739579817749e-01,-1.685921756442300135e+00,-1.912963914974931789e+00,-1.221728301112880999e+00,-2.588034351214495210e+00,-2.097315700432984542e+00,-1.304382539023555276e+00,-1.128666725435012452e+00,-1.631969984746165780e-01,2.489244332081014532e-01,-1.659283338144881936e+00,-2.985159123058397923e-01,-2.717464881947029842e-01,-7.067269225605926630e-01,-8.693195328940870326e-01,-2.675233244536631805e+00,-7.067269225605926630e-01,-2.251009418481123348e+00,-2.326217653394374862e-01,-1.012978192547918876e+00,4.693396640810578169e-01,-4.693396640810578724e-01,-7.669213604740112711e-01,-9.827821505487437381e-01,8.328837041149389497e-01
4.257221028316744427e-01,-1.049025323367906326e+00,-3.826842644321231113e-01,1.180894215934742419e+00,-4.693396640810578724e-01,-8.196684008946236721e-01,-3.749797051504165646e-01,-1.048342293590756702e+00,4.362387863038039715e-01,2.290238476238053156e-01,-4.674040796200371606e-01,-9.999546156320758827e-01,-1.090168929516067281e-02,-7.414072022827415953e-01,-7.784042566810595032e-02,-5.226666867609848222e-01,-8.545645699391638539e-01,-7.077875540754874351e-01,3.223463411493669439e-01,4.419105006101079480e-01,-3.500000000000000000e+01,-2.119202199902565364e-01,-2.424676326803760773e+00,-2.209391806848433948e+00,-2.282842945608810403e+00,-1.526631836933826536e+00,-2.850272739579817749e-01,-1.685921756442300135e+00,-1.912963914974931789e+00,-1.221728301112880999e+00,-2.588034351214495210e+00,-2.097315700432984542e+00,-1.304382539023555276e+00,-1.128666725435012452e+00,-1.631969984746165780e-01,2.489244332081014532e-01,-1.659283338144881936e+00,-2.985159123058397923e-01,-2.717464881947029842e-01,-7.067269225605926630e-01,-8.693195328940870326e-01,-2.675233244536631805e+00,-7.067269225605926630e-01,-2.251009418481123348e+00,-2.326217653394374862e-01,-1.012978192547918876e+00,4.693396640810578169e-01,-4.693396640810578724e-01,-7.669213604740112711e-01,-9.827821505487437381e-01,8.328837041149389497e-01
-4.016051328686284783e-01,-4.891232278360012620e-01,3.412088824439116763e-01,1.180894215934742419e+00,-4.693396640810578724e-01,-8.196684008946236721e-01,3.331979958019337107e-01,-4.917937429397395976e-01,-4.054703949276325936e-01,7.309856356821672341e-01,-6.328472114186961539e-02,-5.879146028532888923e-01,-3.578956461830125058e-01,-2.762534106994696814e-01,-3.805695962036580449e-01,9.922514025867083809e-02,-4.468539215278988785e-01,-9.746576119225970614e-02,-1.121285509430433730e-01,-2.034769362612854071e-01,-3.500000000000000000e+01,-2.119202199902565364e-01,-2.424676326803760773e+00,-2.209391806848433948e+00,-2.282842945608810403e+00,-1.526631836933826536e+00,-2.850272739579817749e-01,-1.685921756442300135e+00,-1.912963914974931789e+00,-1.221728301112880999e+00,-2.588034351214495210e+00,-2.097315700432984542e+00,-1.304382539023555276e+00,-1.128666725435012452e+00,-1.631969984746165780e-01,2.489244332081014532e-01,-1.659283338144881936e+00,-2.985159123058397923e-01,-2.717464881947029842e-01,-7.067269225605926630e-01,-8.693195328940870326e-01,-2.675233244536631805e+00,-7.067269225605926630e-01,-2.251009418481123348e+00,-2.326217653394374862e-01,-1.012978192547918876e+00,4.693396640810578169e-01,-4.693396640810578724e-01,-7.669213604740112711e-01,-9.827821505487437381e-01,8.328837041149389497e-01
1.087238545136501311e-01,7.096428785332402622e-01,1.059460192355640151e+00,1.180894215934742419e+00,-4.693396640810578724e-01,-8.196684008946236721e-01,1.076026914504529808e+00,7.206870216790499661e-01,1.174095512440321426e-01,-2.513390253520842998e-01,9.383063793766823757e-01,6.685942486096143611e-01,-6.482789699636178071e-02,9.680508495621765741e-01,2.308034823124960333e-02,5.560801302211402231e-01,3.814375104168300501e-01,5.521567437455863203e-01,-1.857190905589400087e-01,-2.307017603520422067e-01,-3.500000000000000000e+01,-2.119202199902565364e-01,-2.424676326803760773e+00,-2.209391806848433948e+00,-2.282842945608810403e+00,-1.526631836933826536e+00,-2.850272739579817749e-01,-1.685921756442300135e+00,-1.912963914974931789e+00,-1.221728301112880999e+00,-2.588034351214495210e+00,-2.097315700432984542e+00,-1.304382539023555276e+00,-1.128666725435012452e+00,-1.631969984746165780e-01,2.489244332081014532e-01,-1.659283338144881936e+00,-2.985159123058397923e-01,-2.717464881947029842e-01,-7.067269225605926630e-01,-8.693195328940870326e-01,-2.675233244536631805e+00,-7.067269225605926630e-01,-2.251009418481123348e+00,-2.326217653394374862e-01,-1.012978192547918876e+00,4.693396640810578169e-01,-4.693396640810578724e-01,-7.669213604740112711e-01,-9.827821505487437381e-01,8.328837041149389497e-01
-1.030491770677528285e+00,1.112082661739041273e-01,1.976984602855864859e+00,1.180894215934742419e+00,-4.693396640810578724e-01,-8.196684008946236721e-01,1.977275240783645582e+00,1.111338485881418897e-01,-1.030375695933487545e+00,7.481635538748506731e-01,1.102434443206364190e+00,-1.352443251950667391e-01,-5.670108897102859036e-01,7.795253201949171595e-01,-4.929229176386842326e-01,1.799856831442895100e+00,1.942754762994812756e-01,1.391185459223473364e+00,-1.189515533093863514e-01,-2.526163831502842294e-01,-3.500000000000000000e+01,-2.119202199902565364e-01,-2.424676326803760773e+00,-2.209391806848433948e+00,-2.282842945608810403e+00,-1.526631836933826536e+00,-2.850272739579817749e-01,-1.685921756442300135e+00,-1.912963914974931789e+00,-1.221728301112880999e+00,-2.588034351214495210e+00,-2.097315700432984542e+00,-1.304382539023555276e+00,-1.128666725435012452e+00,-1.631969984746165780e-01,2.489244332081014532e-01,-1.659283338144881936e+00,-2.985159123058397923e-01,-2.717464881947029842e-01,-7.067269225605926630e-01,-8.693195328940870326e-01,-2.675233244536631805e+00,-7.067269225605926630e-01,-2.251009418481123348e+00,-2.326217653394374862e-01,-1.012978192547918876e+00,4.693396640810578169e-01,-4.693396640810578724e-01,-7.669213604740112711e-01,-9.827821505487437381e-01,8.328837041149389497e-01
5.817458620894174759e-01,-1.644296792381805539e-01,1.694784476296169462e+00,1.180894215934742419e+00,-4.693396640810578724e-01,-8.196684008946236721e-01,1.708515033269927930e+00,-1.605148451743399762e-01,5.892768190362600578e-01,-8.572438518423804998e-01,2.018059560637351701e+00,4.184234113161399739e-03,2.706795595856864578e-01,1.524801379667130030e+00,4.067566651955850099e-01,8.464183326410116281e-01,-2.685366161108473926e-01,5.172456258590821809e-01,-9.455532488427391413e-02,-1.818639616474572451e-01,-3.500000000000000000e+01,-2.119202199902565364e-01,-2.424676326803760773e+00,-2.209391806848433948e+00,-2.282842945608810403e+00,-1.526631836933826536e+00,-2.850272739579817749e-01,-1.685921756442300135e+00,-1.912963914974931789e+00,-1.221728301112880999e+00,-2.588034351214495210e+00,-2.097315700432984542e+00,-1.304382539023555276e+00,-1.128666725435012452e+00,-1.631969984746165780e-01,2.489244332081014532e-01,-1.659283338144881936e+00,-2.985159123058397923e-01,-2.717464881947029842e-01,-7.067269225605926630e-01,-8.693195328940870326e-01,-2.675233244536631805e+00,-7.067269225605926630e-01,-2.251009418481123348e+00,-2.326217653394374862e-01,-1.012978192547918876e+00,4.693396640810578169e-01,-4.693396640810578724e-01,-7.669213604740112711e-01,-9.827821505487437381e-01,8.328837041149389497e-01
1.315351008201054439e+00,-6.492408543196491744e-01,-1.082998936369576892e-01,1.180894215934742419e+00,-4.693396640810578724e-01,-8.196684008946236721e-01,-9.264195807440424313e-02,-6.441820347092505061e-01,1.341713814547194961e+00,-9.086539471444045057e-01,1.709683791162174560e-01,-5.194019165600209931e-01,6.558974014718093049e-01,-7.281884109524473792e-02,6.451120646062511454e-01,-4.461089440875493639e-01,-6.418215708730417024e-01,-5.707825586487070835e-01,-1.088012894214455129e-01,-4.312093157996953890e-02,-3.500000000000000000e+01,-2.119202199902565364e-01,-2.424676326803760773e+00,-2.209391806848433948e+00,-2.282842945608810403e+00,-1.526631836933826536e+00,-2.850272739579817749e-01,-1.685921756442300135e+00,-1.912963914974931789e+00,-1.221728301112880999e+00,-2.588034351214495210e+00,-2.097315700432984542e+00,-1.304382539023555276e+00,-1.128666725435012452e+00,-1.631969984746165780e-01,2.489244332081014532e-01,-1.659283338144881936e+00,-2.985159123058397923e-01,-2.717464881947029842e-01,-7.067269225605926630e-01,-8.693195328940870326e-01,-2.675233244536631805e+00,-7.067269225605926630e-01,-2.251009418481123348e+00,-2.326217653394374862e-01,-1.012978192547918876e+00,4.693396640810578169e-01,-4.693396640810578724e-01,-7.669213604740112711e-01,-9.827821505487437381e-01,8.328837041149389497e-01
-5.536685416560263029e-01,-7.544362411798161139e-01,2.400812322174402880e+00,1.180894215934742419e+00,-4.693396640810578724e-01,-8.196684008946236721e-01,2.376706380941291386e+00,-7.568168611520592615e-01,-5.585084276600886799e-01,1.958168713090951696e-01,1.737266353445761524e+00,-7.529279403298427820e-01,-3.774273806521734054e-01,1.018621452272478800e+00,-2.829449548339611487e-01,1.865577235295966974e+00,-5.961601059936716407e-01,1.138422714983794437e+00,2.248457665626986124e-01,-1.794625200200008486e-01,-3.500000000000000000e+01,-2.119202199902565364e-01,-2.424676326803760773e+00,-2.209391806848433948e+00,-2.282842945608810403e+00,-1.526631836933826536e+00,-2.850272739579817749e-01,-1.685921756442300135e+00,-1.912963914974931789e+00,-1.221728301112880999e+00,-2.588034351214495210e+00,-2.097315700432984542e+00,-1.304382539023555276e+00,-1.128666725435012452e+00,-1.631969984746165780e-01,2.489244332081014532e-01,-1.659283338144881936e+00,-2.985159123058397923e-01,-2.717464881947029842e-01,-7.067269225605926630e-01,-8.693195328940870326e-01,-2.675233244536631805e+00,-7.067269225605926630e-01,-2.251009418481123348e+00,-2.326217653394374862e-01,-1.012978192547918876e+00,4.693396640810578169e-01,-4.693396640810578724e-01,1.303914653494498976e+00,-9.827821505487437381e-01,8.328837041149389497e-01
2.387057655680107637e-01,2.778868433502832413e-01,7.546297935302592741e-01,1.180894215934742419e+00,-4.693396640810578724e-01,-8.196684008946236721e-01,7.644635603902237841e-01,2.835230266501530538e-01,2.449412452679410324e-01,-2.170322206458335790e-01,6.444695420681746389e-01,2.476520280729059831e-01,-1.754180245097103005e-02,5.826754713109059125e-01,3.523301880524754015e-02,2.833681856779982633e-01,3.732315403043731661e-02,2.215913673831283737e-01,-1.749240324110374056e-01,-2.170374747205233157e-01,0.000000000000000000e+00,-2.119202199902565364e-01,-2.424676326803760773e+00,-2.209391806848433948e+00,-2.282842945608810403e+00,-1.526631836933826536e+00,-2.850272739579817749e-01,-1.685921756442300135e+00,-1.912963914974931789e+00,-1.221728301112880999e+00,-2.588034351214495210e+00,-2.097315700432984542e+00,-1.304382539023555276e+00,-1.128666725435012452e+00,-1.631969984746165780e-01,2.489244332081014532e-01,-1.659283338144881936e+00,-2.985159123058397923e-01,-2.717464881947029842e-01,-7.067269225605926630e-01,-8.693195328940870326e-01,-2.675233244536631805e+00,-7.067269225605926630e-01,-2.251009418481123348e+00,-2.326217653394374862e-01,-1.012978192547918876e+00,4.693396640810578169e-01,-4.693396640810578724e-01,1.303914653494498976e+00,-9.827821505487437381e-01,-1.762130650078440330e-02
7.638535676561062360e-01,-7.284531272257936951e-01,-6.894218172317143623e-01,1.180894215934742419e+00,-4.693396640810578724e-01,-8.196684008946236721e-01,-6.875446272872497433e-01,-7.275851152525385501e-01,7.678211909584347072e-01,-1.062574679141381068e-01,-6.533354020452607491e-01,-7.025565108908420342e-01,1.743502182910649512e-01,-7.661618209543932245e-01,1.039867871267627780e-01,-7.260320197711791490e-01,-6.746211915054940444e-01,-7.881308083558969946e-01,-1.458704528919191612e-01,-5.597347236707692769e-02,0.000000000000000000e+00,-2.119202199902565364e-01,-2.424676326803760773e+00,-2.209391806848433948e+00,-2.282842945608810403e+00,-1.526631836933826536e+00,-2.850272739579817749e-01,-1.685921756442300135e+00,-1.912963914974931789e+00,-1.221728301112880999e+00,-2.588034351214495210e+00,-2.097315700432984542e+00,-1.304382539023555276e+00,-1.128666725435012452e+00,-1.631969984746165780e-01,2.489244332081014532e-01,-1.659283338144881936e+00,-2.985159123058397923e-01,-2.717464881947029842e-01,-7.067269225605926630e-01,-8.693195328940870326e-01,-2.675233244536631805e+00,-7.067269225605926630e-01,-2.251009418481123348e+00,-2.326217653394374862e-01,-1.012978192547918876e+00,4.693396640810578169e-01,-4.693396640810578724e-01,1.303914653494498976e+00,-9.827821505487437381e-01,-1.762130650078440330e-02
2.103878809813662265e+00,-5.773711715974862990e-01,-3.019391368604853847e-03,1.180894215934742419e+00,-4.693396640810578724e-01,-8.196684008946236721e-01,-1.973547818825413872e-02,-5.831410924037834231e-01,2.068644470868410412e+00,-1.883214821861951549e+00,9.373101207586286288e-01,-1.994580371254142670e-01,1.682469007369408409e+00,6.299379790328498707e-01,1.728619276613263755e+00,-4.633220315270206169e-01,-6.286321366439998615e-01,-5.783598300062551267e-01,-1.183929922687136926e-01,-1.374848955987639613e-02,0.000000000000000000e+00,-2.119202199902565364e-01,-2.424676326803760773e+00,-2.209391806848433948e+00,-2.282842945608810403e+00,-1.526631836933826536e+00,-2.850272739579817749e-01,-1.685921756442300135e+00,-1.912963914974931789e+00,-1.221728301112880999e+00,-2.588034351214495210e+00,-2.097315700432984542e+00,-1.304382539023555276e+00,-1.128666725435012452e+00,-1.631969984746165780e-01,2.489244332081014532e-01,-1.659283338144881936e+00,-2.985159123058397923e-01,-2.717464881947029842e-01,-7.067269225605926630e-01,-8.693195328940870326e-01,-2.675233244536631805e+00,-7.067269225605926630e-01,-2.251009418481123348e+00,-2.326217653394374862e-01,-1.012978192547918876e+00,4.693396640810578169e-01,-4.693396640810578724e-01,1.303914653494498976e+00,-9.827821505487437381e-01,-1.762130650078440330e-02
1.308008735033476810e+00,3.047742724709190387e-01,3.255565157059248649e-01,1.180894215934742419e+00,-4.693396640810578724e-01,-8.196684008946236721e-01,3.416147666673817196e-01,3.163512112014255084e-01,1.328960644952335235e+00,-1.232225728960473221e+00,8.496281703167662958e-01,7.231529017589930497e-01,7.872825345443434930e-01,9.223227393814373842e-01,8.655962903344703863e-01,-1.817818737138635066e-01,-9.149294979059696686e-02,-1.678631036094628548e-01,-1.902352264165306783e-01,-1.874221860483577806e-01,0.000000000000000000e+00,-2.119202199902565364e-01,-2.424676326803760773e+00,-2.209391806848433948e+00,-2.282842945608810403e+00,-1.526631836933826536e+00,-2.850272739579817749e-01,-1.685921756442300135e+00,-1.912963914974931789e+00,-1.221728301112880999e+00,-2.588034351214495210e+00,-2.097315700432984542e+00,-1.304382539023555276e+00,-1.128666725435012452e+00,-1.631969984746165780e-01,2.489244332081014532e-01,-1.659283338144881936e+00,-2.985159123058397923e-01,-2.717464881947029842e-01,-7.067269225605926630e-01,-8.693195328940870326e-01,-2.675233244536631805e+00,-7.067269225605926630e-01,-2.251009418481123348e+00,-2.326217653394374862e-01,-1.012978192547918876e+00,4.693396640810578169e-01,-4.693396640810578724e-01,-7.669213604740112711e-01,-9.827821505487437381e-01,-1.762130650078440330e-02
2.012187163620155150e+00,-7.201663643077328425e-01,7.128792248945959864e-01,1.180894215934742419e+00,-4.693396640810578724e-01,-8.196684008946236721e-01,7.082112776112138297e-01,-7.210194759371381101e-01,2.004878623856456432e+00,-1.995164031657872927e+00,2.174837708070890052e+00,-3.820869115403635052e-01,1.748659283760981120e+00,1.493012246936630039e+00,1.872390226810604297e+00,-8.196765756527997493e-02,-6.927888229863088387e-01,-3.236824549831838760e-01,4.044338415986373572e-03,5.960241938423965075e-02,0.000000000000000000e+00,-2.119202199902565364e-01,-2.424676326803760773e+00,-2.209391806848433948e+00,-2.282842945608810403e+00,-1.526631836933826536e+00,-2.850272739579817749e-01,-1.685921756442300135e+00,-1.912963914974931789e+00,-1.221728301112880999e+00,-2.588034351214495210e+00,-2.097315700432984542e+00,-1.304382539023555276e+00,-1.128666725435012452e+00,-1.631969984746165780e-01,2.489244332081014532e-01,-1.659283338144881936e+00,-2.985159123058397923e-01,-2.717464881947029842e-01,-7.067269225605926630e-01,-8.693195328940870326e-01,-2.675233244536631805e+00,-7.067269225605926630e-01,-2.251009418481123348e+00,-2.326217653394374862e-01,-1.012978192547918876e+00,4.693396640810578169e-01,-4.693396640810578724e-01,-7.669213604740112711e-01,-9.827821505487437381e-01,-1.762130650078440330e-02
-7.614141030013721334e-01,-2.003854867140732743e-01,2.340433094554687621e+00,1.180894215934742419e+00,-4.693396640810578724e-01,-8.196684008946236721e-01,2.332744366192375018e+00,-2.023341323678562731e-01,-7.625591382908110116e-01,3.669651487712130011e-01,1.586076303026156875e+00,-3.135040132764709830e-01,-4.617286449391980185e-01,1.075285671661327491e+00,-3.615845647356544790e-01,1.977250242717069950e+00,-1.112462326850166550e-01,1.404722533610845092e+00,-5.666417134989437665e-02,-2.373294879045237671e-01,0.000000000000000000e+00,-2.119202199902565364e-01,-2.424676326803760773e+00,-2.209391806848433948e+00,-2.282842945608810403e+00,-1.526631836933826536e+00,-2.850272739579817749e-01,-1.685921756442300135e+00,-1.912963914974931789e+00,-1.221728301112880999e+00,-2.588034351214495210e+00,-2.097315700432984542e+00,-1.304382539023555276e+00,-1.128666725435012452e+00,-1.631969984746165780e-01,2.489244332081014532e-01,-1.659283338144881936e+00,-2.985159123058397923e-01,-2.717464881947029842e-01,-7.067269225605926630e-01,-8.693195328940870326e-01,-2.675233244536631805e+00,-7.067269225605926630e-01,-2.251009418481123348e+00,-2.326217653394374862e-01,-1.012978192547918876e+00,4.693396640810578169e-01,-4.693396640810578724e-01,-7.669213604740112711e-01,-9.827821505487437381e-01,-1.762130650078440330e-02
6.013021386148179603e-01,-5.532693492602890339e-01,-5.213253224652293349e-01,1.180894215934742419e+00,-4.693396640810578724e-01,-8.196684008946236721e-01,-5.283174643450286867e-01,-5.568785471679112975e-01,5.892768190362600578e-01,-5.333144192866954431e-02,-5.292285386973142325e-01,-5.546812732480580488e-01,9.333622567034920159e-02,-6.150189970145353291e-01,3.715238526069653685e-02,-6.145035145776084340e-01,-5.637238781542452948e-01,-6.642973689788305158e-01,-1.644417534311413687e-01,-1.276979889014412672e-01,0.000000000000000000e+00,-2.119202199902565364e-01,-2.424676326803760773e+00,-2.209391806848433948e+00,-2.282842945608810403e+00,-1.526631836933826536e+00,-2.850272739579817749e-01,-1.685921756442300135e+00,-1.912963914974931789e+00,-1.221728301112880999e+00,-2.588034351214495210e+00,-2.097315700432984542e+00,-1.304382539023555276e+00,-1.128666725435012452e+00,-1.631969984746165780e-01,2.489244332081014532e-01,-1.659283338144881936e+00,-2.985159123058397923e-01,-2.717464881947029842e-01,-7.067269225605926630e-01,-8.693195328940870326e-01,-2.675233244536631805e+00,-7.067269225605926630e-01,-2.251009418481123348e+00,-2.326217653394374862e-01,-1.012978192547918876e+00,4.693396640810578169e-01,-4.693396640810578724e-01,-7.669213604740112711e-01,-9.827821505487437381e-01,-1.762130650078440330e-02
-1.209381437116616720e+00,-5.515156643998954111e-01,6.400063673616630533e-01,1.180894215934742419e+00,-4.693396640810578724e-01,-8.196684008946236721e-01,6.447345832358054585e-01,-5.503129078525109685e-01,-1.208920067855662195e+00,1.552783520458994371e+00,-7.141537171806357220e-02,-6.957390123078331934e-01,-6.333942074092255847e-01,-3.242952124049271467e-01,-6.586443930840388816e-01,5.560800108594654567e-01,-4.214596303696219737e-01,2.465527297529978290e-01,-7.404123795619381443e-02,-2.529766052964876333e-01,0.000000000000000000e+00,-2.119202199902565364e-01,-2.424676326803760773e+00,-2.209391806848433948e+00,-2.282842945608810403e+00,-1.526631836933826536e+00,-2.850272739579817749e-01,-1.685921756442300135e+00,-1.912963914974931789e+00,-1.221728301112880999e+00,-2.588034351214495210e+00,-2.097315700432984542e+00,-1.304382539023555276e+00,-1.128666725435012452e+00,-1.631969984746165780e-01,2.489244332081014532e-01,-1.659283338144881936e+00,-2.985159123058397923e-01,-2.717464881947029842e-01,-7.067269225605926630e-01,-8.693195328940870326e-01,-2.675233244536631805e+00,-7.067269225605926630e-01,-2.251009418481123348e+00,-2.326217653394374862e-01,-1.012978192547918876e+00,4.693396640810578169e-01,-4.693396640810578724e-01,-7.669213604740112711e-01,-9.827821505487437381e-01,-1.762130650078440330e-02
-1.273034179167246593e+00,-1.049561852048970678e+00,1.079561556744411677e+00,1.180894215934742419e+00,-4.693396640810578724e-01,-8.196684008946236721e-01,1.085232420925046570e+00,-1.049301339488456275e+00,-1.272685914867616619e+00,1.551184328007403579e+00,1.999274184354530304e-01,-1.020502946747553263e+00,-6.517225363833588636e-01,-2.457098845639610341e-01,-6.697526813300365145e-01,9.526519837816722625e-01,-8.294654224656307084e-01,3.814891626282687076e-01,9.816912179450260068e-01,-2.281722304354104058e-01,0.000000000000000000e+00,-2.119202199902565364e-01,-2.424676326803760773e+00,-2.209391806848433948e+00,-2.282842945608810403e+00,-1.526631836933826536e+00,-2.850272739579817749e-01,-1.685921756442300135e+00,-1.912963914974931789e+00,-1.221728301112880999e+00,-2.588034351214495210e+00,-2.097315700432984542e+00,-1.304382539023555276e+00,-1.128666725435012452e+00,-1.631969984746165780e-01,2.489244332081014532e-01,-1.659283338144881936e+00,-2.985159123058397923e-01,-2.717464881947029842e-01,-7.067269225605926630e-01,-8.693195328940870326e-01,-2.675233244536631805e+00,-7.067269225605926630e-01,-2.251009418481123348e+00,-2.326217653394374862e-01,-1.012978192547918876e+00,4.693396640810578169e-01,-4.693396640810578724e-01,1.303914653494498976e+00,-9.827821505487437381e-01,-1.762130650078440330e-02
1.621112270773291897e+00,-3.600976580636199298e-01,-6.010259493191314473e-01,1.180894215934742419e+00,-4.693396640810578724e-01,-8.196684008946236721e-01,-6.096993442199933888e-01,-3.664750671499477641e-01,1.596777202595011991e+00,-1.176852200510054125e+00,-2.794081772925509632e-01,-1.350903270826836755e-01,9.049623141371834212e-01,-2.633911910058825412e-01,8.753566173976141673e-01,-7.300268013825728097e-01,-5.047308579519159677e-01,-7.263896682846896491e-01,-1.911294001391682651e-01,-1.073405353861505568e-01,0.000000000000000000e+00,-2.119202199902565364e-01,-2.424676326803760773e+00,-2.209391806848433948e+00,-2.282842945608810403e+00,-1.526631836933826536e+00,-2.850272739579817749e-01,-1.685921756442300135e+00,-1.912963914974931789e+00,-1.221728301112880999e+00,-2.588034351214495210e+00,-2.097315700432984542e+00,-1.304382539023555276e+00,-1.128666725435012452e+00,-1.631969984746165780e-01,2.489244332081014532e-01,-1.659283338144881936e+00,-2.985159123058397923e-01,-2.717464881947029842e-01,-7.067269225605926630e-01,-8.693195328940870326e-01,-2.675233244536631805e+00,-7.067269225605926630e-01,-2.251009418481123348e+00,-2.326217653394374862e-01,-1.012978192547918876e+00,4.693396640810578169e-01,-4.693396640810578724e-01,1.303914653494498976e+00,-9.827821505487437381e-01,-1.762130650078440330e-02
5.717449906703339080e-01,1.113879168829053773e-01,2.126127300563561140e-01,1.180894215934742419e+00,-4.693396640810578724e-01,-8.196684008946236721e-01,2.050977491725961832e-01,1.062508192501254861e-01,5.637704803277125976e-01,-3.907523053140090630e-01,2.256596406441854774e-01,1.342721313446140485e-01,1.480701458338980758e-01,2.225053064090790622e-01,1.672311939121272351e-01,-1.489554138407676309e-01,-1.350513150991184685e-01,-1.604182745031383361e-01,-1.845767832702630840e-01,-1.999837779080738676e-01,0.000000000000000000e+00,-2.119202199902565364e-01,-2.424676326803760773e+00,-2.209391806848433948e+00,-2.282842945608810403e+00,-1.526631836933826536e+00,-2.850272739579817749e-01,-1.685921756442300135e+00,-1.912963914974931789e+00,-1.221728301112880999e+00,-2.588034351214495210e+00,-2.097315700432984542e+00,-1.304382539023555276e+00,-1.128666725435012452e+00,-1.631969984746165780e-01,2.489244332081014532e-01,-1.659283338144881936e+00,-2.985159123058397923e-01,-2.717464881947029842e-01,-7.067269225605926630e-01,-8.693195328940870326e-01,-2.675233244536631805e+00,-7.067269225605926630e-01,-2.251009418481123348e+00,-2.326217653394374862e-01,-1.012978192547918876e+00,4.693396640810578169e-01,-4.693396640810578724e-01,-7.669213604740112711e-01,-9.827821505487437381e-01,-1.762130650078440330e-02
1.352986538426719010e+00,-5.346983146454763469e-01,9.312892126386795866e-01,1.180894215934742419e+00,-4.693396640810578724e-01,-8.196684008946236721e-01,9.210027889021740188e-01,-5.371816352345749612e-01,1.341713814547194961e+00,-1.389985258715686678e+00,1.685089499457132822e+00,-2.879697731218743839e-01,8.726292030417334145e-01,1.159941736278433222e+00,9.718720105489785377e-01,1.488492045015309684e-01,-5.660870931789793170e-01,-1.065313126283589235e-01,-5.682260346118263306e-02,-8.133089175136989923e-02,0.000000000000000000e+00,-2.119202199902565364e-01,-2.424676326803760773e+00,-2.209391806848433948e+00,-2.282842945608810403e+00,-1.526631836933826536e+00,-2.850272739579817749e-01,-1.685921756442300135e+00,-1.912963914974931789e+00,-1.221728301112880999e+00,-2.588034351214495210e+00,-2.097315700432984542e+00,-1.304382539023555276e+00,-1.128666725435012452e+00,-1.631969984746165780e-01,2.489244332081014532e-01,-1.659283338144881936e+00,-2.985159123058397923e-01,-2.717464881947029842e-01,-7.067269225605926630e-01,-8.693195328940870326e-01,-2.675233244536631805e+00,-7.067269225605926630e-01,-2.251009418481123348e+00,-2.326217653394374862e-01,-1.012978192547918876e+00,4.693396640810578169e-01,-4.693396640810578724e-01,-7.669213604740112711e-01,-9.827821505487437381e-01,-1.762130650078440330e-02
5.895214377504612857e-01,-5.043454480336764245e-01,-2.616268670565037313e-01,1.180894215934742419e+00,-4.693396640810578724e-01,-8.196684008946236721e-01,-2.616591752974005702e-01,-5.043534506833025066e-01,5.892768190362600578e-01,-1.164422603542111800e-01,-2.861705883151294816e-01,-4.990556086307466055e-01,1.048229340234401313e-01,-4.099471913438757498e-01,6.709992269604719839e-02,-4.578196224418744631e-01,-5.297656292173846815e-01,-5.367016480637539777e-01,-1.524360641996223564e-01,-1.386729374210191046e-01,0.000000000000000000e+00,-2.119202199902565364e-01,-2.424676326803760773e+00,-2.209391806848433948e+00,-2.282842945608810403e+00,-1.526631836933826536e+00,-2.850272739579817749e-01,-1.685921756442300135e+00,-1.912963914974931789e+00,-1.221728301112880999e+00,-2.588034351214495210e+00,-2.097315700432984542e+00,-1.304382539023555276e+00,-1.128666725435012452e+00,-1.631969984746165780e-01,2.489244332081014532e-01,-1.659283338144881936e+00,-2.985159123058397923e-01,-2.717464881947029842e-01,-7.067269225605926630e-01,-8.693195328940870326e-01,-2.675233244536631805e+00,-7.067269225605926630e-01,-2.251009418481123348e+00,-2.326217653394374862e-01,-1.012978192547918876e+00,4.693396640810578169e-01,-4.693396640810578724e-01,-7.669213604740112711e-01,-9.827821505487437381e-01,-1.762130650078440330e-02
-8.114367638197370614e-01,-6.599599331098868760e-01,1.886787968746957755e+00,1.180894215934742419e+00,-4.693396640810578724e-01,-8.196684008946236721e-01,1.872816841607268357e+00,-6.619287401371289903e-01,-8.135718157079061541e-01,6.544991326871887338e-01,1.075330055377949900e+00,-7.108699174977353152e-01,-4.914179488123243122e-01,5.353558264375655185e-01,-4.398826011794597646e-01,1.525542187852036768e+00,-5.122460917278265358e-01,9.215053475614818357e-01,8.427610858740025579e-02,-2.171997701097225508e-01,0.000000000000000000e+00,-2.119202199902565364e-01,-2.424676326803760773e+00,-2.209391806848433948e+00,-2.282842945608810403e+00,-1.526631836933826536e+00,-2.850272739579817749e-01,-1.685921756442300135e+00,-1.912963914974931789e+00,-1.221728301112880999e+00,-2.588034351214495210e+00,-2.097315700432984542e+00,-1.304382539023555276e+00,-1.128666725435012452e+00,-1.631969984746165780e-01,2.489244332081014532e-01,-1.659283338144881936e+00,-2.985159123058397923e-01,-2.717464881947029842e-01,-7.067269225605926630e-01,-8.693195328940870326e-01,-2.675233244536631805e+00,-7.067269225605926630e-01,-2.251009418481123348e+00,-2.326217653394374862e-01,-1.012978192547918876e+00,4.693396640810578169e-01,-4.693396640810578724e-01,-7.669213604740112711e-01,-9.827821505487437381e-01,-1.762130650078440330e-02
-2.163986604048728779e-01,2.938522045257932480e-01,9.697951645668438925e-01,1.180894215934742419e+00,-4.693396640810578724e-01,-8.196684008946236721e-01,9.752306284671553582e-01,2.966542992680891166e-01,-2.141728534105986070e-01,1.946839864991968816e-01,6.187549263303624425e-01,1.376985786060769268e-01,-2.487613648828319313e-01,5.205343491981367920e-01,-2.001208846719703671e-01,5.622004150157955404e-01,1.293626563939146712e-01,4.606895524235767869e-01,-1.688114712246870652e-01,-2.306166130372684087e-01,0.000000000000000000e+00,-2.119202199902565364e-01,-2.424676326803760773e+00,-2.209391806848433948e+00,-2.282842945608810403e+00,-1.526631836933826536e+00,-2.850272739579817749e-01,-1.685921756442300135e+00,-1.912963914974931789e+00,-1.221728301112880999e+00,-2.588034351214495210e+00,-2.097315700432984542e+00,-1.304382539023555276e+00,-1.128666725435012452e+00,-1.631969984746165780e-01,2.489244332081014532e-01,-1.659283338144881936e+00,-2.985159123058397923e-01,-2.717464881947029842e-01,-7.067269225605926630e-01,-8.693195328940870326e-01,-2.675233244536631805e+00,-7.067269225605926630e-01,-2.251009418481123348e+00,-2.326217653394374862e-01,-1.012978192547918876e+00,4.693396640810578169e-01,-4.693396640810578724e-01,-7.669213604740112711e-01,-9.827821505487437381e-01,-1.762130650078440330e-02
8.701536470370736520e-01,-8.129636994089699531e-01,1.341779355795195361e+00,1.180894215934742419e+00,-4.693396640810578724e-01,-8.196684008946236721e-01,1.341978357391969690e+00,-8.129384023012844462e-01,8.698465462737962062e-01,-9.476005872215649273e-01,1.720412205258090355e+00,-7.034210051758373883e-01,4.357939179841235355e-01,1.025140847156779556e+00,5.256532582521048491e-01,4.975702308597638179e-01,-7.090471433479123009e-01,9.426846942516407812e-02,1.610718755059875329e-01,8.338919003693911688e-03,0.000000000000000000e+00,-2.119202199902565364e-01,-2.424676326803760773e+00,-2.209391806848433948e+00,-2.282842945608810403e+00,-1.526631836933826536e+00,-2.850272739579817749e-01,-1.685921756442300135e+00,-1.912963914974931789e+00,-1.221728301112880999e+00,-2.588034351214495210e+00,-2.097315700432984542e+00,-1.304382539023555276e+00,-1.128666725435012452e+00,-1.631969984746165780e-01,2.489244332081014532e-01,-1.659283338144881936e+00,-2.985159123058397923e-01,-2.717464881947029842e-01,-7.067269225605926630e-01,-8.693195328940870326e-01,-2.675233244536631805e+00,-7.067269225605926630e-01,-2.251009418481123348e+00,-2.326217653394374862e-01,-1.012978192547918876e+00,4.693396640810578169e-01,-4.693396640810578724e-01,-7.669213604740112711e-01,-9.827821505487437381e-01,-1.762130650078440330e-02
5.398414723512956481e-01,-9.977612964378007598e-01,5.784665809497672173e-01,1.180894215934742419e+00,-4.693396640810578724e-01,-8.196684008946236721e-01,5.920775329419060151e-01,-9.967762430038474841e-01,5.510173112140243079e-01,-2.538791187071537947e-01,5.109843464669919788e-01,-9.411083930009032095e-01,1.152098565793987645e-01,1.992322811204671335e-02,1.162720910191577806e-01,6.297094133044219000e-02,-8.212490503095547512e-01,-2.665033821082113952e-01,4.222737783602121819e-01,2.413548298334326769e-01,0.000000000000000000e+00,-2.119202199902565364e-01,-2.424676326803760773e+00,-2.209391806848433948e+00,-2.282842945608810403e+00,-1.526631836933826536e+00,-2.850272739579817749e-01,-1.685921756442300135e+00,-1.912963914974931789e+00,-1.221728301112880999e+00,-2.588034351214495210e+00,-2.097315700432984542e+00,-1.304382539023555276e+00,-1.128666725435012452e+00,-1.631969984746165780e-01,2.489244332081014532e-01,-1.659283338144881936e+00,-2.985159123058397923e-01,-2.717464881947029842e-01,-7.067269225605926630e-01,-8.693195328940870326e-01,-2.675233244536631805e+00,-7.067269225605926630e-01,-2.251009418481123348e+00,-2.326217653394374862e-01,-1.012978192547918876e+00,4.693396640810578169e-01,-4.693396640810578724e-01,1.303914653494498976e+00,-9.827821505487437381e-01,-1.762130650078440330e-02
9.501963361933165597e-01,-1.056310905443925030e+00,-2.245969232904184154e-01,1.180894215934742419e+00,-4.693396640810578724e-01,-8.196684008946236721e-01,-2.188218952806264272e-01,-1.055866978803856826e+00,9.591187319942978684e-01,-4.136620965056128085e-01,-1.551944917695906867e-01,-9.927806447099847276e-01,3.233263577138351108e-01,-5.029719913700017031e-01,2.757952481472511486e-01,-4.815638077201815914e-01,-8.624448317326368629e-01,-6.807055323628981025e-01,4.410514266381819204e-01,7.166037252236754362e-01,0.000000000000000000e+00,-2.119202199902565364e-01,-2.424676326803760773e+00,-2.209391806848433948e+00,-2.282842945608810403e+00,-1.526631836933826536e+00,-2.850272739579817749e-01,-1.685921756442300135e+00,-1.912963914974931789e+00,-1.221728301112880999e+00,-2.588034351214495210e+00,-2.097315700432984542e+00,-1.304382539023555276e+00,-1.128666725435012452e+00,-1.631969984746165780e-01,2.489244332081014532e-01,-1.659283338144881936e+00,-2.985159123058397923e-01,-2.717464881947029842e-01,-7.067269225605926630e-01,-8.693195328940870326e-01,-2.675233244536631805e+00,-7.067269225605926630e-01,-2.251009418481123348e+00,-2.326217653394374862e-01,-1.012978192547918876e+00,4.693396640810578169e-01,-4.693396640810578724e-01,1.303914653494498976e+00,-9.827821505487437381e-01,-1.762130650078440330e-02
-3.711432947273267113e-01,5.552055138345563662e-02,2.339609833134468797e+00,1.180894215934742419e+00,-4.693396640810578724e-01,-8.196684008946236721e-01,2.356013085857913580e+00,6.029135606805244296e-02,-3.672108866242257963e-01,-7.902781022589017157e-02,1.927824550259249037e+00,3.678274066661092485e-03,-2.821116548535513857e-01,1.456497859264784811e+00,-1.486647482145816712e-01,1.776358322331708095e+00,4.188752472190412912e-02,1.315985013229995726e+00,-9.859450254570857608e-02,-2.294548675792349168e-01,0.000000000000000000e+00,-2.119202199902565364e-01,-2.424676326803760773e+00,-2.209391806848433948e+00,-2.282842945608810403e+00,-1.526631836933826536e+00,-2.850272739579817749e-01,-1.685921756442300135e+00,-1.912963914974931789e+00,-1.221728301112880999e+00,-2.588034351214495210e+00,-2.097315700432984542e+00,-1.304382539023555276e+00,-1.128666725435012452e+00,-1.631969984746165780e-01,2.489244332081014532e-01,-1.659283338144881936e+00,-2.985159123058397923e-01,-2.717464881947029842e-01,-7.067269225605926630e-01,-8.693195328940870326e-01,-2.675233244536631805e+00,-7.067269225605926630e-01,-2.251009418481123348e+00,-2.326217653394374862e-01,-1.012978192547918876e+00,4.693396640810578169e-01,-4.693396640810578724e-01,-7.669213604740112711e-01,-9.827821505487437381e-01,-1.762130650078440330e-02
-2.523751903500155991e-01,-4.452483356843533469e-01,2.540102902829089793e+00,1.180894215934742419e+00,-4.693396640810578724e-01,-8.196684008946236721e-01,2.540474776002298984e+00,-4.452627148832933313e-01,-2.524323617140054044e-01,-2.112849113494977837e-01,2.199044404777869666e+00,-4.306918730919246929e-01,-2.224158205517430265e-01,1.492392911935175981e+00,-8.610732613034022265e-02,1.855735581726214889e+00,-3.680867621462735606e-01,1.218030783190300781e+00,2.498742259763916951e-02,-1.984411262831850820e-01,0.000000000000000000e+00,-2.119202199902565364e-01,-2.424676326803760773e+00,-2.209391806848433948e+00,-2.282842945608810403e+00,-1.526631836933826536e+00,-2.850272739579817749e-01,-1.685921756442300135e+00,-1.912963914974931789e+00,-1.221728301112880999e+00,-2.588034351214495210e+00,-2.097315700432984542e+00,-1.304382539023555276e+00,-1.128666725435012452e+00,-1.631969984746165780e-01,2.489244332081014532e-01,-1.659283338144881936e+00,-2.985159123058397923e-01,-2.717464881947029842e-01,-7.067269225605926630e-01,-8.693195328940870326e-01,-2.675233244536631805e+00,-7.067269225605926630e-01,-2.251009418481123348e+00,-2.326217653394374862e-01,-1.012978192547918876e+00,4.693396640810578169e-01,-4.693396640810578724e-01,1.303914653494498976e+00,-9.827821505487437381e-01,-1.762130650078440330e-02
1.737562294535502483e+00,-1.023086766542148585e+00,-9.035503141350611500e-01,1.180894215934742419e+00,-4.693396640810578724e-01,-8.196684008946236721e-01,-9.036752295301636595e-01,-1.023038794252584260e+00,1.737062066213779676e+00,-1.054673554681721193e+00,-6.483523615791084715e-01,-9.358210600413956470e-01,9.185578216862926304e-01,-8.530569857762941854e-01,8.355708097193824679e-01,-8.935689169470921733e-01,-8.519149611153630230e-01,-9.782267035384905052e-01,2.168394748986627457e-02,7.179500392250243168e-01,0.000000000000000000e+00,-2.119202199902565364e-01,-2.424676326803760773e+00,-2.209391806848433948e+00,-2.282842945608810403e+00,-1.526631836933826536e+00,-2.850272739579817749e-01,-1.685921756442300135e+00,-1.912963914974931789e+00,-1.221728301112880999e+00,-2.588034351214495210e+00,-2.097315700432984542e+00,-1.304382539023555276e+00,-1.128666725435012452e+00,-1.631969984746165780e-01,2.489244332081014532e-01,-1.659283338144881936e+00,-2.985159123058397923e-01,-2.717464881947029842e-01,-7.067269225605926630e-01,-8.693195328940870326e-01,-2.675233244536631805e+00,-7.067269225605926630e-01,-2.251009418481123348e+00,-2.326217653394374862e-01,-1.012978192547918876e+00,4.693396640810578169e-01,-4.693396640810578724e-01,1.303914653494498976e+00,-9.827821505487437381e-01,-1.762130650078440330e-02
3.055538246509315603e-01,-5.449624260382254226e-01,1.339949174416130706e+00,1.180894215934742419e+00,-4.693396640810578724e-01,-8.196684008946236721e-01,1.346178451969955114e+00,-5.437472685371106396e-01,3.087070922798950678e-01,-3.662083428422911457e-01,1.254668893555529019e+00,-5.000735425970340708e-01,3.432558523888929597e-02,7.526399657449739378e-01,1.021294084112435441e-01,6.537630392250258771e-01,-5.118697892674080041e-01,2.836303032392611945e-01,-2.192865503664630927e-02,-1.497277163736968064e-01,0.000000000000000000e+00,-2.119202199902565364e-01,-2.424676326803760773e+00,-2.209391806848433948e+00,-2.282842945608810403e+00,-1.526631836933826536e+00,-2.850272739579817749e-01,-1.685921756442300135e+00,-1.912963914974931789e+00,-1.221728301112880999e+00,-2.588034351214495210e+00,-2.097315700432984542e+00,-1.304382539023555276e+00,-1.128666725435012452e+00,-1.631969984746165780e-01,2.489244332081014532e-01,-1.659283338144881936e+00,-2.985159123058397923e-01,-2.717464881947029842e-01,-7.067269225605926630e-01,-8.693195328940870326e-01,-2.675233244536631805e+00,-7.067269225605926630e-01,-2.251009418481123348e+00,-2.326217653394374862e-01,-1.012978192547918876e+00,4.693396640810578169e-01,-4.693396640810578724e-01,-7.669213604740112711e-01,-9.827821505487437381e-01,-1.762130650078440330e-02
-1.094271818209853198e+00,-4.321156430489181965e-01,-4.582531238073478397e-01,1.180894215934742419e+00,-4.693396640810578724e-01,-8.196684008946236721e-01,-4.583137994926589909e-01,-4.321314362524926178e-01,-1.094141542945441969e+00,1.789135454037675377e+00,-7.785347513375676654e-01,-6.369114541619687042e-01,-6.033549444604173750e-01,-8.351464295570272256e-01,-6.749685552668479582e-01,-3.787111953793949048e-01,-3.677583115196567110e-01,-4.171412484323794856e-01,-1.754813598647847472e-01,-2.480915602732670644e-01,0.000000000000000000e+00,-2.119202199902565364e-01,-2.424676326803760773e+00,-2.209391806848433948e+00,-2.282842945608810403e+00,-1.526631836933826536e+00,-2.850272739579817749e-01,-1.685921756442300135e+00,-1.912963914974931789e+00,-1.221728301112880999e+00,-2.588034351214495210e+00,-2.097315700432984542e+00,-1.304382539023555276e+00,-1.128666725435012452e+00,-1.631969984746165780e-01,2.489244332081014532e-01,-1.659283338144881936e+00,-2.985159123058397923e-01,-2.717464881947029842e-01,-7.067269225605926630e-01,-8.693195328940870326e-01,-2.675233244536631805e+00,-7.067269225605926630e-01,-2.251009418481123348e+00,-2.326217653394374862e-01,-1.012978192547918876e+00,4.693396640810578169e-01,-4.693396640810578724e-01,-7.669213604740112711e-01,-9.827821505487437381e-01,-1.762130650078440330e-02
8.568397206693196821e-01,1.967131367329236213e-01,6.517202467339928695e-01,1.180894215934742419e+00,-4.693396640810578724e-01,-8.196684008946236721e-01,6.657813538315605628e-01,2.047353789168073757e-01,8.698465462737962062e-01,-8.395820435391919689e-01,9.222810735025446238e-01,3.983897620096714665e-01,4.015502881470423557e-01,8.509427861328356935e-01,4.758850381831345455e-01,8.560676393714282406e-02,-9.727315295709605680e-02,2.562722892637996769e-02,-1.737124509664322858e-01,-1.952216793747849344e-01,0.000000000000000000e+00,-2.119202199902565364e-01,-2.424676326803760773e+00,-2.209391806848433948e+00,-2.282842945608810403e+00,-1.526631836933826536e+00,-2.850272739579817749e-01,-1.685921756442300135e+00,-1.912963914974931789e+00,-1.221728301112880999e+00,-2.588034351214495210e+00,-2.097315700432984542e+00,-1.304382539023555276e+00,-1.128666725435012452e+00,-1.631969984746165780e-01,2.489244332081014532e-01,-1.659283338144881936e+00,-2.985159123058397923e-01,-2.717464881947029842e-01,-7.067269225605926630e-01,-8.693195328940870326e-01,-2.675233244536631805e+00,-7.067269225605926630e-01,-2.251009418481123348e+00,-2.326217653394374862e-01,-1.012978192547918876e+00,4.693396640810578169e-01,-4.693396640810578724e-01,-7.669213604740112711e-01,-9.827821505487437381e-01,-1.762130650078440330e-02
1.624746330611734069e-01,-9.124268338175359760e-01,2.710486299858768877e+00,1.180894215934742419e+00,-4.693396640810578724e-01,-8.196684008946236721e-01,2.728426778356639382e+00,-9.114229619679663497e-01,1.684222286611272434e-01,-6.315690402702125450e-01,2.800251560904069681e+00,-8.379206154162210929e-01,2.107562980759207158e-02,1.787901450918583990e+00,1.825316277967058698e-01,1.757261394339780791e+00,-7.432236230400068866e-01,1.003174662274620266e+00,5.982085013827922459e-01,-1.527520451549248389e-03,0.000000000000000000e+00,-2.119202199902565364e-01,-2.424676326803760773e+00,-2.209391806848433948e+00,-2.282842945608810403e+00,-1.526631836933826536e+00,-2.850272739579817749e-01,-1.685921756442300135e+00,-1.912963914974931789e+00,-1.221728301112880999e+00,-2.588034351214495210e+00,-2.097315700432984542e+00,-1.304382539023555276e+00,-1.128666725435012452e+00,-1.631969984746165780e-01,2.489244332081014532e-01,-1.659283338144881936e+00,-2.985159123058397923e-01,-2.717464881947029842e-01,-7.067269225605926630e-01,-8.693195328940870326e-01,-2.675233244536631805e+00,-7.067269225605926630e-01,-2.251009418481123348e+00,-2.326217653394374862e-01,-1.012978192547918876e+00,4.693396640810578169e-01,-4.693396640810578724e-01,-7.669213604740112711e-01,-9.827821505487437381e-01,-1.762130650078440330e-02
8.485548261039868034e-01,-7.685427621911468110e-01,2.227477457641852787e+00,1.180894215934742419e+00,-4.693396640810578724e-01,-8.196684008946236721e-01,2.243415941273332326e+00,-7.669789391192113337e-01,8.570933766789368136e-01,-1.237970618838529768e+00,3.071884459691498925e+00,-6.107350182528039628e-01,5.326716187776872058e-01,2.081216098581339047e+00,7.173584310970713140e-01,1.113929718854321571e+00,-6.715861573896505510e-01,5.596145342627611985e-01,2.212362440832505994e-01,-2.528382878322427488e-02,0.000000000000000000e+00,-2.119202199902565364e-01,-2.424676326803760773e+00,-2.209391806848433948e+00,-2.282842945608810403e+00,-1.526631836933826536e+00,-2.850272739579817749e-01,-1.685921756442300135e+00,-1.912963914974931789e+00,-1.221728301112880999e+00,-2.588034351214495210e+00,-2.097315700432984542e+00,-1.304382539023555276e+00,-1.128666725435012452e+00,-1.631969984746165780e-01,2.489244332081014532e-01,-1.659283338144881936e+00,-2.985159123058397923e-01,-2.717464881947029842e-01,-7.067269225605926630e-01,-8.693195328940870326e-01,-2.675233244536631805e+00,-7.067269225605926630e-01,-2.251009418481123348e+00,-2.326217653394374862e-01,-1.012978192547918876e+00,4.693396640810578169e-01,-4.693396640810578724e-01,-7.669213604740112711e-01,-9.827821505487437381e-01,-1.762130650078440330e-02
1.035981770717373518e+00,-1.042785803991922888e+00,1.812609820876093458e+00,1.180894215934742419e+00,-4.693396640810578724e-01,-8.196684008946236721e-01,1.812876744039567889e+00,-1.042735706185920819e+00,1.035637748601111463e+00,-1.258948090898598826e+00,2.597376520688168267e+00,-9.501866354211802035e-01,6.389035075410717246e-01,1.591145809469291406e+00,7.786167270059850543e-01,7.580857994736834859e-01,-8.500532723247553601e-01,2.312581120771717569e-01,1.215721467174965653e+00,6.298060600346075955e-01,0.000000000000000000e+00,-2.119202199902565364e-01,-2.424676326803760773e+00,-2.209391806848433948e+00,-2.282842945608810403e+00,-1.526631836933826536e+00,-2.850272739579817749e-01,-1.685921756442300135e+00,-1.912963914974931789e+00,-1.221728301112880999e+00,-2.588034351214495210e+00,-2.097315700432984542e+00,-1.304382539023555276e+00,-1.128666725435012452e+00,-1.631969984746165780e-01,2.489244332081014532e-01,-1.659283338144881936e+00,-2.985159123058397923e-01,-2.717464881947029842e-01,-7.067269225605926630e-01,-8.693195328940870326e-01,-2.675233244536631805e+00,-7.067269225605926630e-01,-2.251009418481123348e+00,-2.326217653394374862e-01,-1.012978192547918876e+00,4.693396640810578169e-01,-4.693396640810578724e-01,-7.669213604740112711e-01,-9.827821505487437381e-01,-1.762130650078440330e-02
-3.033992284240034087e-01,2.245189346012174680e-01,4.120072086161143954e-01,1.180894215934742419e+00,-4.693396640810578724e-01,-8.196684008946236721e-01,4.120720789086627089e-01,2.244322908501437397e-01,-3.034450396122713167e-01,4.938700878665279181e-01,6.603634501844928006e-02,4.671121590094804918e-03,-3.065105493109900880e-01,5.165778630699872920e-02,-2.998771355310928532e-01,1.544984582870779777e-01,6.349724647552518197e-02,1.372396193559045907e-01,-1.835289234454585139e-01,-2.315860984720065907e-01,0.000000000000000000e+00,-2.119202199902565364e-01,-2.424676326803760773e+00,-2.209391806848433948e+00,-2.282842945608810403e+00,-1.526631836933826536e+00,-2.850272739579817749e-01,-1.685921756442300135e+00,-1.912963914974931789e+00,-1.221728301112880999e+00,-2.588034351214495210e+00,-2.097315700432984542e+00,-1.304382539023555276e+00,-1.128666725435012452e+00,-1.631969984746165780e-01,2.489244332081014532e-01,-1.659283338144881936e+00,-2.985159123058397923e-01,-2.717464881947029842e-01,-7.067269225605926630e-01,-8.693195328940870326e-01,-2.675233244536631805e+00,-7.067269225605926630e-01,-2.251009418481123348e+00,-2.326217653394374862e-01,-1.012978192547918876e+00,4.693396640810578169e-01,-4.693396640810578724e-01,1.303914653494498976e+00,-9.827821505487437381e-01,-1.762130650078440330e-02
-1.120749431606051116e+00,-1.108632384668631898e+00,3.110583689522872231e+00,1.180894215934742419e+00,-4.693396640810578724e-01,-8.196684008946236721e-01,3.130182507054916741e+00,-1.108392075288465506e+00,-1.119647881653989430e+00,6.717246184290294186e-01,1.975349679520318924e+00,-1.053735223924958886e+00,-5.955030902507416624e-01,1.081413996342138528e+00,-4.939477074199070117e-01,2.966604594859803878e+00,-8.754377234476642400e-01,1.837917605904834772e+00,4.665128124331982207e+00,-4.425610086293366857e-02,0.000000000000000000e+00,-2.119202199902565364e-01,-2.424676326803760773e+00,-2.209391806848433948e+00,-2.282842945608810403e+00,-1.526631836933826536e+00,-2.850272739579817749e-01,-1.685921756442300135e+00,-1.912963914974931789e+00,-1.221728301112880999e+00,-2.588034351214495210e+00,-2.097315700432984542e+00,-1.304382539023555276e+00,-1.128666725435012452e+00,-1.631969984746165780e-01,2.489244332081014532e-01,-1.659283338144881936e+00,-2.985159123058397923e-01,-2.717464881947029842e-01,-7.067269225605926630e-01,-8.693195328940870326e-01,-2.675233244536631805e+00,-7.067269225605926630e-01,-2.251009418481123348e+00,-2.326217653394374862e-01,-1.012978192547918876e+00,4.693396640810578169e-01,-4.693396640810578724e-01,1.303914653494498976e+00,-9.827821505487437381e-01,-1.762130650078440330e-02
-1.132539846825503682e+00,1.719881670662338491e-01,1.992252976540819231e+00,1.180894215934742419e+00,-4.693396640810578724e-01,-8.196684008946236721e-01,1.992545818761686904e+00,1.719071943655352264e-01,-1.132401051248848711e+00,8.440461663753987542e-01,1.065111489689918312e+00,-1.078925851425671378e-01,-6.023869080248954733e-01,7.619850077083245576e-01,-5.296574943409663172e-01,1.883906041070253057e+00,2.746793233131368250e-01,1.483301354417251083e+00,-1.246329755575914522e-01,-2.563148616510780298e-01,0.000000000000000000e+00,-2.119202199902565364e-01,-2.424676326803760773e+00,-2.209391806848433948e+00,-2.282842945608810403e+00,-1.526631836933826536e+00,-2.850272739579817749e-01,-1.685921756442300135e+00,-1.912963914974931789e+00,-1.221728301112880999e+00,-2.588034351214495210e+00,-2.097315700432984542e+00,-1.304382539023555276e+00,-1.128666725435012452e+00,-1.631969984746165780e-01,2.489244332081014532e-01,-1.659283338144881936e+00,-2.985159123058397923e-01,-2.717464881947029842e-01,-7.067269225605926630e-01,-8.693195328940870326e-01,-2.675233244536631805e+00,-7.067269225605926630e-01,-2.251009418481123348e+00,-2.326217653394374862e-01,-1.012978192547918876e+00,4.693396640810578169e-01,-4.693396640810578724e-01,-7.669213604740112711e-01,-9.827821505487437381e-01,-1.762130650078440330e-02
1.371282592208927120e+00,2.466229707024155532e-02,4.735428682583108645e-02,1.180894215934742419e+00,-4.693396640810578724e-01,-8.196684008946236721e-01,6.114646642302715845e-02,3.402881083218042141e-02,1.392726491964289881e+00,-1.152107281091513613e+00,4.725219379848287216e-01,3.386327597473128836e-01,7.844379988951709626e-01,4.882530773628913079e-01,8.235386374574314994e-01,-3.543157131226398193e-01,-2.660095056865270924e-01,-3.605589464300146818e-01,-1.860113670824335430e-01,-1.671139083988054663e-01,0.000000000000000000e+00,-2.119202199902565364e-01,-2.424676326803760773e+00,-2.209391806848433948e+00,-2.282842945608810403e+00,-1.526631836933826536e+00,-2.850272739579817749e-01,-1.685921756442300135e+00,-1.912963914974931789e+00,-1.221728301112880999e+00,-2.588034351214495210e+00,-2.097315700432984542e+00,-1.304382539023555276e+00,-1.128666725435012452e+00,-1.631969984746165780e-01,2.489244332081014532e-01,-1.659283338144881936e+00,-2.985159123058397923e-01,-2.717464881947029842e-01,-7.067269225605926630e-01,-8.693195328940870326e-01,-2.675233244536631805e+00,-7.067269225605926630e-01,-2.251009418481123348e+00,-2.326217653394374862e-01,-1.012978192547918876e+00,4.693396640810578169e-01,-4.693396640810578724e-01,-7.669213604740112711e-01,-9.827821505487437381e-01,-1.762130650078440330e-02
9.930034392790128006e-01,-4.204508791259565226e-01,9.392040789746499696e-01,1.180894215934742419e+00,-4.693396640810578724e-01,-8.196684008946236721e-01,9.445739379756410425e-01,-4.190001636345566105e-01,9.973782402977046102e-01,-9.991896430962202702e-01,1.339501537492965966e+00,-2.458627157443596944e-01,5.175173161680884926e-01,9.154660892264517846e-01,5.969404152972328514e-01,2.242722801742794703e-01,-4.803172425050780681e-01,-1.868607673582021317e-02,-8.712581820423943857e-02,-1.300836279834443887e-01,0.000000000000000000e+00,-2.119202199902565364e-01,-2.424676326803760773e+00,-2.209391806848433948e+00,-2.282842945608810403e+00,-1.526631836933826536e+00,-2.850272739579817749e-01,-1.685921756442300135e+00,-1.912963914974931789e+00,-1.221728301112880999e+00,-2.588034351214495210e+00,-2.097315700432984542e+00,-1.304382539023555276e+00,-1.128666725435012452e+00,-1.631969984746165780e-01,2.489244332081014532e-01,-1.659283338144881936e+00,-2.985159123058397923e-01,-2.717464881947029842e-01,-7.067269225605926630e-01,-8.693195328940870326e-01,-2.675233244536631805e+00,-7.067269225605926630e-01,-2.251009418481123348e+00,-2.326217653394374862e-01,-1.012978192547918876e+00,4.693396640810578169e-01,-4.693396640810578724e-01,-7.669213604740112711e-01,-9.827821505487437381e-01,-1.762130650078440330e-02
1.704940787940180780e+00,-2.956360617077041786e-01,5.227439807226846868e-01,1.180894215934742419e+00,-4.693396640810578724e-01,-8.196684008946236721e-01,5.096371403081373375e-01,-3.008186920345383153e-01,1.686049388796684756e+00,-1.675015592235076678e+00,1.466032829581626951e+00,1.367479785424842720e-01,1.256161734337699398e+00,1.159666693307142005e+00,1.352921446807919592e+00,-1.355798788465836791e-01,-4.562268277534506367e-01,-2.728771968418140514e-01,-1.343149770088260531e-01,-1.150041697719527134e-01,0.000000000000000000e+00,-2.119202199902565364e-01,-2.424676326803760773e+00,-2.209391806848433948e+00,-2.282842945608810403e+00,-1.526631836933826536e+00,-2.850272739579817749e-01,-1.685921756442300135e+00,-1.912963914974931789e+00,-1.221728301112880999e+00,-2.588034351214495210e+00,-2.097315700432984542e+00,-1.304382539023555276e+00,-1.128666725435012452e+00,-1.631969984746165780e-01,2.489244332081014532e-01,-1.659283338144881936e+00,-2.985159123058397923e-01,-2.717464881947029842e-01,-7.067269225605926630e-01,-8.693195328940870326e-01,-2.675233244536631805e+00,-7.067269225605926630e-01,-2.251009418481123348e+00,-2.326217653394374862e-01,-1.012978192547918876e+00,4.693396640810578169e-01,-4.693396640810578724e-01,-7.669213604740112711e-01,-9.827821505487437381e-01,-1.762130650078440330e-02
1.923101916751289275e+00,-5.995112204599558625e-01,-1.019573909555161029e+00,1.180894215934742419e+00,-4.693396640810578724e-01,-8.196684008946236721e-01,-1.023648006969144264e+00,-6.028380043371197594e-01,1.902853268541095488e+00,-1.308629526363049855e+00,-7.205949300346309316e-01,-3.923135030647788013e-01,1.144282191631401435e+00,-6.963542119950235643e-01,1.074011253759258766e+00,-9.545602410857205733e-01,-6.441102827728457658e-01,-9.437676953864783114e-01,-1.991769636941967681e-01,-1.732981784081899165e-02,0.000000000000000000e+00,-2.119202199902565364e-01,-2.424676326803760773e+00,-2.209391806848433948e+00,-2.282842945608810403e+00,-1.526631836933826536e+00,-2.850272739579817749e-01,-1.685921756442300135e+00,-1.912963914974931789e+00,-1.221728301112880999e+00,-2.588034351214495210e+00,-2.097315700432984542e+00,-1.304382539023555276e+00,-1.128666725435012452e+00,-1.631969984746165780e-01,2.489244332081014532e-01,-1.659283338144881936e+00,-2.985159123058397923e-01,-2.717464881947029842e-01,-7.067269225605926630e-01,-8.693195328940870326e-01,-2.675233244536631805e+00,-7.067269225605926630e-01,-2.251009418481123348e+00,-2.326217653394374862e-01,-1.012978192547918876e+00,4.693396640810578169e-01,-4.693396640810578724e-01,-7.669213604740112711e-01,-9.827821505487437381e-01,-1.762130650078440330e-02
1.370642557193204325e-01,-2.714886990327849414e-01,1.958397863988545540e+00,1.180894215934742419e+00,-4.693396640810578724e-01,-8.196684008946236721e-01,1.973221055417995196e+00,-2.679905074832658607e-01,1.429158899525797832e-01,-4.439265793212476829e-01,1.892078769367167901e+00,-2.171513463322808368e-01,-2.355126884987404287e-02,1.343694439539145469e+00,9.804319756822903187e-02,1.194321075037776625e+00,-2.921954176493165578e-01,7.628557460087390663e-01,-6.107679879606645046e-02,-1.929062791971908331e-01,0.000000000000000000e+00,-2.119202199902565364e-01,-2.424676326803760773e+00,-2.209391806848433948e+00,-2.282842945608810403e+00,-1.526631836933826536e+00,-2.850272739579817749e-01,-1.685921756442300135e+00,-1.912963914974931789e+00,-1.221728301112880999e+00,-2.588034351214495210e+00,-2.097315700432984542e+00,-1.304382539023555276e+00,-1.128666725435012452e+00,-1.631969984746165780e-01,2.489244332081014532e-01,-1.659283338144881936e+00,-2.985159123058397923e-01,-2.717464881947029842e-01,-7.067269225605926630e-01,-8.693195328940870326e-01,-2.675233244536631805e+00,-7.067269225605926630e-01,-2.251009418481123348e+00,-2.326217653394374862e-01,-1.012978192547918876e+00,4.693396640810578169e-01,-4.693396640810578724e-01,1.303914653494498976e+00,-9.827821505487437381e-01,-1.762130650078440330e-02
-2.456763603146382702e-01,-8.703564677761520540e-01,2.389148354412062414e+00,1.180894215934742419e+00,-4.693396640810578724e-01,-8.196684008946236721e-01,2.365110725964376659e+00,-8.720291381012935661e-01,-2.524323617140054044e-01,-1.158322313059931413e-01,1.965394038605947413e+00,-8.327400072294376399e-01,-2.326701539639745020e-01,1.159787620394398200e+00,-1.263569030459786580e-01,1.683510859214705224e+00,-7.020618657625415926e-01,9.648670214161031433e-01,4.186346992385626686e-01,-1.000767008809850672e-01,0.000000000000000000e+00,-2.119202199902565364e-01,-2.424676326803760773e+00,-2.209391806848433948e+00,-2.282842945608810403e+00,-1.526631836933826536e+00,-2.850272739579817749e-01,-1.685921756442300135e+00,-1.912963914974931789e+00,-1.221728301112880999e+00,-2.588034351214495210e+00,-2.097315700432984542e+00,-1.304382539023555276e+00,-1.128666725435012452e+00,-1.631969984746165780e-01,2.489244332081014532e-01,-1.659283338144881936e+00,-2.985159123058397923e-01,-2.717464881947029842e-01,-7.067269225605926630e-01,-8.693195328940870326e-01,-2.675233244536631805e+00,-7.067269225605926630e-01,-2.251009418481123348e+00,-2.326217653394374862e-01,-1.012978192547918876e+00,4.693396640810578169e-01,-4.693396640810578724e-01,1.303914653494498976e+00,-9.827821505487437381e-01,-1.762130650078440330e-02
