-9.092855609566544706e-01,-8.138820914496764924e-01,-1.112978151149059958e+00,1.170894931656157212e+00,-4.673017054132683201e-01,-8.148038570378682843e-01,-1.111915747205589611e+00,-8.131615044376575563e-01,-9.083364259035132671e-01,1.828081549471129330e+00,-1.191074015338392078e+00,-8.796409060050670581e-01,-5.580268687360619984e-01,-1.257304492550096464e+00,-6.684784497623740274e-01,-8.880833163222201510e-01,-6.735499625110410449e-01,-9.146725202009123867e-01,-1.809760089467424560e-01,-2.091153517600167766e-01,1.733107903064028399e-01,-2.111315301682904488e-01,-3.126506939707989208e-01,-2.633795034731497009e-01,1.953772533757627272e-01,-1.410505055710147559e-01,-2.872525965032922901e+00,-7.818482589496968949e-01,7.924389688290026101e-02,-3.520838902115735612e-04,4.367126244041470012e-04,-6.869143867079149368e-01,-2.009078329738853141e-01,-9.348603315020190818e-01,1.441831249199032161e+00,-1.400328023353031082e+00,4.862202462321047469e-01,-2.973582220075389748e-01,-2.707073008769649292e-01,-7.029617017244906840e-01,-8.639039486763996356e-01,8.416155332155133006e-01,-7.029617017244906840e-01,-8.303031119229535850e-01,-6.022489369322155950e-01,1.100314420472335408e+00,4.673017054132682646e-01,-4.673017054132683201e-01,-7.672682483797642616e-01,8.903932290450913278e-01,7.737281819952792628e-01
-9.974897002071440033e-01,-4.692447122660665659e-01,-7.971733637624747182e-01,1.170894931656157212e+00,-4.673017054132683201e-01,-8.148038570378682843e-01,-7.972703939445925370e-01,-4.692583142029830845e-01,-9.974399640646921528e-01,1.686717832995291655e+00,-9.902315458885604382e-01,-6.544271571339318472e-01,-5.803509666271899903e-01,-1.015596534463030221e+00,-6.687464649839381936e-01,-6.387158818877975985e-01,-4.029187520415385970e-01,-6.270588924169966383e-01,-2.005081965222278439e-01,-2.452030909371213929e-01,1.733107903064028399e-01,-2.111315301682904488e-01,-3.126506939707989208e-01,-2.633795034731497009e-01,1.953772533757627272e-01,-1.410505055710147559e-01,-2.872525965032922901e+00,-7.818482589496968949e-01,7.924389688290026101e-02,-3.520838902115735612e-04,4.367126244041470012e-04,-6.869143867079149368e-01,-2.009078329738853141e-01,-9.348603315020190818e-01,1.441831249199032161e+00,-1.400328023353031082e+00,4.862202462321047469e-01,-2.973582220075389748e-01,-2.707073008769649292e-01,-7.029617017244906840e-01,-8.639039486763996356e-01,8.416155332155133006e-01,-7.029617017244906840e-01,-8.303031119229535850e-01,-6.022489369322155950e-01,1.100314420472335408e+00,4.673017054132682646e-01,-4.673017054132683201e-01,-7.672682483797642616e-01,8.903932290450913278e-01,7.737281819952792628e-01
2.723602123751043824e-01,-9.497575544588562346e-01,-8.783366159257731676e-01,1.170894931656157212e+00,-4.673017054132683201e-01,-8.148038570378682843e-01,-8.767858508519327243e-01,-9.492898525867784487e-01,2.754677262848476138e-01,4.173059566225098549e-01,-9.038862155614603155e-01,-9.263489032341427620e-01,-9.480456697569848712e-02,-1.054111361964210847e+00,-1.897736369125898048e-01,-8.105201245590786252e-01,-7.930663648933155008e-01,-9.021391789652803972e-01,-7.204781852639330353e-02,8.884724860625844989e-02,1.733107903064028399e-01,-2.111315301682904488e-01,-3.126506939707989208e-01,-2.633795034731497009e-01,1.953772533757627272e-01,-1.410505055710147559e-01,-2.872525965032922901e+00,-7.818482589496968949e-01,7.924389688290026101e-02,-3.520838902115735612e-04,4.367126244041470012e-04,-6.869143867079149368e-01,-2.009078329738853141e-01,-9.348603315020190818e-01,1.441831249199032161e+00,-1.400328023353031082e+00,4.862202462321047469e-01,-2.973582220075389748e-01,-2.707073008769649292e-01,-7.029617017244906840e-01,-8.639039486763996356e-01,8.416155332155133006e-01,-7.029617017244906840e-01,-8.303031119229535850e-01,-6.022489369322155950e-01,1.100314420472335408e+00,4.673017054132682646e-01,-4.673017054132683201e-01,-7.672682483797642616e-01,8.903932290450913278e-01,7.737281819952792628e-01
-5.773574513151054077e-01,-8.060299217697712848e-01,-6.407509691536592555e-01,1.170894931656157212e+00,-4.673017054132683201e-01,-8.148038570378682843e-01,-6.408353064138659905e-01,-8.059968586702264126e-01,-5.773804264702643296e-01,1.197960473206701293e+00,-8.371260199533736568e-01,-8.502220203455720382e-01,-4.413408009208426575e-01,-9.732785766992388954e-01,-5.267818123477566727e-01,-5.733924955477498475e-01,-6.724099706267195886e-01,-6.802648471194394642e-01,-1.180757438752857713e-01,-1.675981805201133545e-01,1.733107903064028399e-01,-2.111315301682904488e-01,-3.126506939707989208e-01,-2.633795034731497009e-01,1.953772533757627272e-01,-1.410505055710147559e-01,-2.872525965032922901e+00,-7.818482589496968949e-01,7.924389688290026101e-02,-3.520838902115735612e-04,4.367126244041470012e-04,-6.869143867079149368e-01,-2.009078329738853141e-01,-9.348603315020190818e-01,1.441831249199032161e+00,-1.400328023353031082e+00,4.862202462321047469e-01,-2.973582220075389748e-01,-2.707073008769649292e-01,-7.029617017244906840e-01,-8.639039486763996356e-01,8.416155332155133006e-01,-7.029617017244906840e-01,-8.303031119229535850e-01,-6.022489369322155950e-01,1.100314420472335408e+00,4.673017054132682646e-01,-4.673017054132683201e-01,-7.672682483797642616e-01,8.903932290450913278e-01,7.737281819952792628e-01
-6.410138528516107215e-01,5.841047692407457248e-01,-3.982479870403481392e-01,1.170894931656157212e+00,-4.673017054132683201e-01,-8.148038570378682843e-01,-3.983126463546771134e-01,5.839452179780816321e-01,-6.410258109397152237e-01,8.979977441079491918e-01,-6.259216272080814214e-01,1.873334062179993209e-01,-4.481955813328662996e-01,-4.098186649953314831e-01,-4.825071213163132366e-01,-3.506071258315224815e-01,3.854607358589853261e-01,-1.151101112636022106e-01,-2.279366356940284999e-01,-2.506426726409963224e-01,1.733107903064028399e-01,-2.111315301682904488e-01,-3.126506939707989208e-01,-2.633795034731497009e-01,1.953772533757627272e-01,-1.410505055710147559e-01,-2.872525965032922901e+00,-7.818482589496968949e-01,7.924389688290026101e-02,-3.520838902115735612e-04,4.367126244041470012e-04,-6.869143867079149368e-01,-2.009078329738853141e-01,-9.348603315020190818e-01,1.441831249199032161e+00,-1.400328023353031082e+00,4.862202462321047469e-01,-2.973582220075389748e-01,-2.707073008769649292e-01,-7.029617017244906840e-01,-8.639039486763996356e-01,8.416155332155133006e-01,-7.029617017244906840e-01,-8.303031119229535850e-01,-6.022489369322155950e-01,1.100314420472335408e+00,4.673017054132682646e-01,-4.673017054132683201e-01,-7.672682483797642616e-01,8.903932290450913278e-01,7.737281819952792628e-01
-5.757756088893447588e-01,-7.048062424383383373e-01,4.532249203546467875e-02,1.170894931656157212e+00,-4.673017054132683201e-01,-8.148038570378682843e-01,4.179197703336889891e-02,-7.056917574893217804e-01,-5.773804264702643296e-01,8.064344566765607736e-01,-2.943278389351695057e-01,-7.564806216488902946e-01,-4.228329356951292528e-01,-5.189277160145564505e-01,-4.671977924015401906e-01,-4.068361877295383067e-02,-5.838287619759702229e-01,-2.507349546384248784e-01,-7.771868157658476384e-02,-1.902522145515717633e-01,1.733107903064028399e-01,-2.111315301682904488e-01,-3.126506939707989208e-01,-2.633795034731497009e-01,1.953772533757627272e-01,-1.410505055710147559e-01,-2.872525965032922901e+00,-7.818482589496968949e-01,7.924389688290026101e-02,-3.520838902115735612e-04,4.367126244041470012e-04,-6.869143867079149368e-01,-2.009078329738853141e-01,-9.348603315020190818e-01,1.441831249199032161e+00,-1.400328023353031082e+00,4.862202462321047469e-01,-2.973582220075389748e-01,-2.707073008769649292e-01,-7.029617017244906840e-01,-8.639039486763996356e-01,8.416155332155133006e-01,-7.029617017244906840e-01,-8.303031119229535850e-01,-6.022489369322155950e-01,1.100314420472335408e+00,4.673017054132682646e-01,-4.673017054132683201e-01,1.303325143600942981e+00,8.903932290450913278e-01,7.737281819952792628e-01
-7.186975328759590553e-01,-6.994606524150920324e-01,-2.939943916875003560e-01,1.170894931656157212e+00,-4.673017054132683201e-01,-8.148038570378682843e-01,-2.912274309696197272e-01,-6.985271117218906367e-01,-7.174002724951608068e-01,1.163971753802747866e+00,-5.985568196423627363e-01,-7.733885275239503754e-01,-4.833644603356887504e-01,-7.598203236575259423e-01,-5.491856143783163668e-01,-2.866688199985014118e-01,-5.805379898194582555e-01,-4.323856989816475260e-01,-1.155928386694476118e-01,-2.053387278967936658e-01,1.733107903064028399e-01,-2.111315301682904488e-01,-3.126506939707989208e-01,-2.633795034731497009e-01,1.953772533757627272e-01,-1.410505055710147559e-01,-2.872525965032922901e+00,-7.818482589496968949e-01,7.924389688290026101e-02,-3.520838902115735612e-04,4.367126244041470012e-04,-6.869143867079149368e-01,-2.009078329738853141e-01,-9.348603315020190818e-01,1.441831249199032161e+00,-1.400328023353031082e+00,4.862202462321047469e-01,-2.973582220075389748e-01,-2.707073008769649292e-01,-7.029617017244906840e-01,-8.639039486763996356e-01,8.416155332155133006e-01,-7.029617017244906840e-01,-8.303031119229535850e-01,-6.022489369322155950e-01,1.100314420472335408e+00,4.673017054132682646e-01,-4.673017054132683201e-01,-7.672682483797642616e-01,8.903932290450913278e-01,7.737281819952792628e-01
9.740040276226502591e-02,-1.611220754558432833e-01,-7.567338898008099113e-01,1.170894931656157212e+00,-4.673017054132683201e-01,-8.148038570378682843e-01,-7.568276369296070838e-01,-1.611783709365247341e-01,9.726064948222848394e-02,3.997241619099038412e-01,-8.082248252295790580e-01,-2.844798970754949252e-01,-1.569275023040298533e-01,-7.324948529661226004e-01,-2.223430062015106512e-01,-7.105999495246827502e-01,-2.812838558604400796e-01,-6.345696516743981608e-01,-2.182207777741886345e-01,-2.028843752087038654e-01,1.733107903064028399e-01,-2.111315301682904488e-01,-3.126506939707989208e-01,-2.633795034731497009e-01,1.953772533757627272e-01,-1.410505055710147559e-01,-2.872525965032922901e+00,-7.818482589496968949e-01,7.924389688290026101e-02,-3.520838902115735612e-04,4.367126244041470012e-04,-6.869143867079149368e-01,-2.009078329738853141e-01,-9.348603315020190818e-01,1.441831249199032161e+00,-1.400328023353031082e+00,4.862202462321047469e-01,-2.973582220075389748e-01,-2.707073008769649292e-01,-7.029617017244906840e-01,-8.639039486763996356e-01,8.416155332155133006e-01,-7.029617017244906840e-01,-8.303031119229535850e-01,-6.022489369322155950e-01,1.100314420472335408e+00,4.673017054132682646e-01,-4.673017054132683201e-01,-7.672682483797642616e-01,8.903932290450913278e-01,7.737281819952792628e-01
2.756383264400313893e-01,6.127673419342273275e-01,-4.437621677248025920e-01,1.170894931656157212e+00,-4.673017054132683201e-01,-8.148038570378682843e-01,-4.438305202950922346e-01,6.126038131351796423e-01,2.754677262848476138e-01,-9.762429903600046421e-02,-4.501043000443385456e-01,5.134488275101630750e-01,-2.334332117828584463e-02,-1.484151497698660005e-01,-3.665119349066022630e-02,-5.069552691835781388e-01,2.283206266881084301e-01,-2.907020071532652183e-01,-2.297602375333409885e-01,-2.274633219487797731e-01,1.733107903064028399e-01,-2.111315301682904488e-01,-3.126506939707989208e-01,-2.633795034731497009e-01,1.953772533757627272e-01,-1.410505055710147559e-01,-2.872525965032922901e+00,-7.818482589496968949e-01,7.924389688290026101e-02,-3.520838902115735612e-04,4.367126244041470012e-04,-6.869143867079149368e-01,-2.009078329738853141e-01,-9.348603315020190818e-01,1.441831249199032161e+00,-1.400328023353031082e+00,4.862202462321047469e-01,-2.973582220075389748e-01,-2.707073008769649292e-01,-7.029617017244906840e-01,-8.639039486763996356e-01,8.416155332155133006e-01,-7.029617017244906840e-01,-8.303031119229535850e-01,-6.022489369322155950e-01,1.100314420472335408e+00,4.673017054132682646e-01,-4.673017054132683201e-01,-7.672682483797642616e-01,8.903932290450913278e-01,7.737281819952792628e-01
6.321141740357372196e-01,3.189759884484829056e-01,-1.088701418882659144e+00,1.170894931656157212e+00,-4.673017054132683201e-01,-8.148038570378682843e-01,-1.088822105158572251e+00,3.188531734909576532e-01,6.318818794098245428e-01,-1.008529675265742442e-01,-1.009913768751276475e+00,2.475144244911336999e-01,1.209202861041779736e-01,-6.823807356062315810e-01,5.828494160628696491e-02,-9.474692702890659124e-01,-4.975833298870969978e-02,-7.232485270235303743e-01,-2.439662692685564405e-01,-2.081375850594884558e-01,1.733107903064028399e-01,-2.111315301682904488e-01,-3.126506939707989208e-01,-2.633795034731497009e-01,1.953772533757627272e-01,-1.410505055710147559e-01,-2.872525965032922901e+00,-7.818482589496968949e-01,7.924389688290026101e-02,-3.520838902115735612e-04,4.367126244041470012e-04,-6.869143867079149368e-01,-2.009078329738853141e-01,-9.348603315020190818e-01,1.441831249199032161e+00,-1.400328023353031082e+00,4.862202462321047469e-01,-2.973582220075389748e-01,-2.707073008769649292e-01,-7.029617017244906840e-01,-8.639039486763996356e-01,8.416155332155133006e-01,-7.029617017244906840e-01,-8.303031119229535850e-01,-6.022489369322155950e-01,1.100314420472335408e+00,4.673017054132682646e-01,-4.673017054132683201e-01,1.303325143600942981e+00,8.903932290450913278e-01,7.737281819952792628e-01
1.994361162641881791e+00,-6.913796370403690883e-01,-1.503872297682228298e+00,1.170894931656157212e+00,-4.673017054132683201e-01,-8.148038570378682843e-01,-1.504026674655272622e+00,-6.913624599107726088e-01,1.993893107920542640e+00,-1.213482958376657095e+00,-1.308688098096521868e+00,-5.210748781241945071e-01,1.150872218055474683e+00,-1.209410810463206642e+00,1.033916980481723868e+00,-1.205439231008203160e+00,-6.953536717694049907e-01,-1.158865482999795748e+00,-2.432447247981916472e-01,5.768859907839817697e-02,1.733107903064028399e-01,-2.111315301682904488e-01,-3.126506939707989208e-01,-2.633795034731497009e-01,1.953772533757627272e-01,-1.410505055710147559e-01,-2.872525965032922901e+00,-7.818482589496968949e-01,7.924389688290026101e-02,-3.520838902115735612e-04,4.367126244041470012e-04,-6.869143867079149368e-01,-2.009078329738853141e-01,-9.348603315020190818e-01,1.441831249199032161e+00,-1.400328023353031082e+00,4.862202462321047469e-01,-2.973582220075389748e-01,-2.707073008769649292e-01,-7.029617017244906840e-01,-8.639039486763996356e-01,8.416155332155133006e-01,-7.029617017244906840e-01,-8.303031119229535850e-01,-6.022489369322155950e-01,1.100314420472335408e+00,4.673017054132682646e-01,-4.673017054132683201e-01,1.303325143600942981e+00,8.903932290450913278e-01,7.737281819952792628e-01
-1.022952260869780527e+00,1.608791681076338742e+00,-5.923064996431378626e-01,1.170894931656157212e+00,-4.673017054132683201e-01,-8.148038570378682843e-01,-5.923869042832936582e-01,1.608490148958360288e+00,-1.022898117756420033e+00,1.244302059388518567e+00,-8.110074707117155279e-01,8.157930658196720364e-01,-5.798643626965549469e-01,-3.096543576028360500e-01,-6.042588601838322360e-01,-4.261550977984635558e-01,1.321067780775485812e+00,1.820559723200481927e-01,-2.447064820318260170e-01,-2.639057498397317514e-01,1.733107903064028399e-01,-2.111315301682904488e-01,-3.126506939707989208e-01,-2.633795034731497009e-01,1.953772533757627272e-01,-1.410505055710147559e-01,-2.872525965032922901e+00,-7.818482589496968949e-01,7.924389688290026101e-02,-3.520838902115735612e-04,4.367126244041470012e-04,-6.869143867079149368e-01,-2.009078329738853141e-01,-9.348603315020190818e-01,1.441831249199032161e+00,-1.400328023353031082e+00,4.862202462321047469e-01,-2.973582220075389748e-01,-2.707073008769649292e-01,-7.029617017244906840e-01,-8.639039486763996356e-01,8.416155332155133006e-01,-7.029617017244906840e-01,-8.303031119229535850e-01,-6.022489369322155950e-01,1.100314420472335408e+00,4.673017054132682646e-01,-4.673017054132683201e-01,-7.672682483797642616e-01,8.903932290450913278e-01,7.737281819952792628e-01
-2.081503237483400270e-01,-4.979072819372860059e-01,-2.408607283386634823e-01,1.170894931656157212e+00,-4.673017054132683201e-01,-8.148038570378682843e-01,-2.409126164370198053e-01,-4.979169154037682010e-01,-2.082371962592926562e-01,5.246648281867272168e-01,-4.362096531651124542e-01,-5.722082090656731568e-01,-2.778789458206725183e-01,-5.570501232052302854e-01,-3.266201462779298459e-01,-3.219363148262650021e-01,-4.653110513546124816e-01,-4.150915208577110049e-01,-1.571113317047352631e-01,-1.898490966536252877e-01,1.733107903064028399e-01,-2.111315301682904488e-01,-3.126506939707989208e-01,-2.633795034731497009e-01,1.953772533757627272e-01,-1.410505055710147559e-01,-2.872525965032922901e+00,-7.818482589496968949e-01,7.924389688290026101e-02,-3.520838902115735612e-04,4.367126244041470012e-04,-6.869143867079149368e-01,-2.009078329738853141e-01,-9.348603315020190818e-01,1.441831249199032161e+00,-1.400328023353031082e+00,4.862202462321047469e-01,-2.973582220075389748e-01,-2.707073008769649292e-01,-7.029617017244906840e-01,-8.639039486763996356e-01,8.416155332155133006e-01,-7.029617017244906840e-01,-8.303031119229535850e-01,-6.022489369322155950e-01,1.100314420472335408e+00,4.673017054132682646e-01,-4.673017054132683201e-01,-7.672682483797642616e-01,8.903932290450913278e-01,7.737281819952792628e-01
1.383259709140327365e+00,-1.085489985886512798e+00,-8.071080859118953121e-01,1.170894931656157212e+00,-4.673017054132683201e-01,-8.148038570378682843e-01,-8.072059206634345507e-01,-1.085418200735899452e+00,1.382897416437500970e+00,-8.357198552071499753e-01,-6.019017695432763437e-01,-1.016002106508771874e+00,6.556425397561703727e-01,-8.561074090734056563e-01,5.738625660969214337e-01,-8.373616093454104847e-01,-8.815969117183272141e-01,-9.555302500110346431e-01,3.395733425222803303e-01,1.470726944792601465e+00,1.733107903064028399e-01,-2.111315301682904488e-01,-3.126506939707989208e-01,-2.633795034731497009e-01,1.953772533757627272e-01,-1.410505055710147559e-01,-2.872525965032922901e+00,-7.818482589496968949e-01,7.924389688290026101e-02,-3.520838902115735612e-04,4.367126244041470012e-04,-6.869143867079149368e-01,-2.009078329738853141e-01,-9.348603315020190818e-01,1.441831249199032161e+00,-1.400328023353031082e+00,4.862202462321047469e-01,-2.973582220075389748e-01,-2.707073008769649292e-01,-7.029617017244906840e-01,-8.639039486763996356e-01,8.416155332155133006e-01,-7.029617017244906840e-01,-8.303031119229535850e-01,-6.022489369322155950e-01,1.100314420472335408e+00,4.673017054132682646e-01,-4.673017054132683201e-01,-7.672682483797642616e-01,8.903932290450913278e-01,7.737281819952792628e-01
1.917973481854834406e+00,-6.125575666666880359e-01,-8.486497666665910877e-01,1.170894931656157212e+00,-4.673017054132683201e-01,-8.148038570378682843e-01,-8.487509739102093720e-01,-6.125513081195350651e-01,1.917518646365097057e+00,-1.488192761187417945e+00,-4.403704160164267356e-01,-3.596317320256782191e-01,1.281285652744801107e+00,-4.781469717755428284e-01,1.229802587130339298e+00,-8.824738419418837188e-01,-6.459809720455257365e-01,-9.000902165602451266e-01,-1.883288930999916233e-01,3.965742282961459350e-03,1.733107903064028399e-01,-2.111315301682904488e-01,-3.126506939707989208e-01,-2.633795034731497009e-01,1.953772533757627272e-01,-1.410505055710147559e-01,-2.872525965032922901e+00,-7.818482589496968949e-01,7.924389688290026101e-02,-3.520838902115735612e-04,4.367126244041470012e-04,-6.869143867079149368e-01,-2.009078329738853141e-01,-9.348603315020190818e-01,1.441831249199032161e+00,-1.400328023353031082e+00,4.862202462321047469e-01,-2.973582220075389748e-01,-2.707073008769649292e-01,-7.029617017244906840e-01,-8.639039486763996356e-01,8.416155332155133006e-01,-7.029617017244906840e-01,-8.303031119229535850e-01,-6.022489369322155950e-01,1.100314420472335408e+00,4.673017054132682646e-01,-4.673017054132683201e-01,-7.672682483797642616e-01,8.903932290450913278e-01,7.737281819952792628e-01
4.920700909916669308e-01,-4.647179072644127412e-02,-4.469106177942901437e-01,1.170894931656157212e+00,-4.673017054132683201e-01,-8.148038570378682843e-01,-4.469792242607948940e-01,-4.654397217707102047e-02,4.918620333849281212e-01,-2.205051735316314321e-01,-4.203211032825354132e-01,-5.554880490169245705e-02,8.615424437263419222e-02,-3.452490067886421210e-01,5.430552367696177274e-02,-5.436190358764085850e-01,-2.308753968544819402e-01,-4.913799140142252053e-01,-2.095235451975736019e-01,-1.936514983308775528e-01,1.733107903064028399e-01,-2.111315301682904488e-01,-3.126506939707989208e-01,-2.633795034731497009e-01,1.953772533757627272e-01,-1.410505055710147559e-01,-2.872525965032922901e+00,-7.818482589496968949e-01,7.924389688290026101e-02,-3.520838902115735612e-04,4.367126244041470012e-04,-6.869143867079149368e-01,-2.009078329738853141e-01,-9.348603315020190818e-01,1.441831249199032161e+00,-1.400328023353031082e+00,4.862202462321047469e-01,-2.973582220075389748e-01,-2.707073008769649292e-01,-7.029617017244906840e-01,-8.639039486763996356e-01,8.416155332155133006e-01,-7.029617017244906840e-01,-8.303031119229535850e-01,-6.022489369322155950e-01,1.100314420472335408e+00,4.673017054132682646e-01,-4.673017054132683201e-01,-7.672682483797642616e-01,8.903932290450913278e-01,7.737281819952792628e-01
2.279024039682825686e-01,9.537743918358503326e-01,-7.259251078355201114e-01,1.170894931656157212e+00,-4.673017054132683201e-01,-8.148038570378682843e-01,-7.279755868882148429e-01,9.493423576024228039e-01,2.245514184211298836e-01,3.571211329415721614e-02,-7.227093351807596378e-01,7.612919541560391190e-01,-6.335498435885034141e-02,-2.626853847633736638e-01,-8.676919844059943765e-02,-6.868422178451456528e-01,4.435927183652880745e-01,-3.431518661760199485e-01,-2.417413133376319356e-01,-2.352862418693971724e-01,1.733107903064028399e-01,-2.111315301682904488e-01,-3.126506939707989208e-01,-2.633795034731497009e-01,1.953772533757627272e-01,-1.410505055710147559e-01,-2.872525965032922901e+00,-7.818482589496968949e-01,7.924389688290026101e-02,-3.520838902115735612e-04,4.367126244041470012e-04,-6.869143867079149368e-01,-2.009078329738853141e-01,-9.348603315020190818e-01,1.441831249199032161e+00,-1.400328023353031082e+00,4.862202462321047469e-01,-2.973582220075389748e-01,-2.707073008769649292e-01,-7.029617017244906840e-01,-8.639039486763996356e-01,8.416155332155133006e-01,-7.029617017244906840e-01,-8.303031119229535850e-01,-6.022489369322155950e-01,1.100314420472335408e+00,4.673017054132682646e-01,-4.673017054132683201e-01,-7.672682483797642616e-01,8.903932290450913278e-01,7.737281819952792628e-01
-1.150265063462446280e+00,-5.194042099462661266e-01,-3.060470149324583944e-01,1.170894931656157212e+00,-4.673017054132683201e-01,-8.148038570378682843e-01,-3.061041925831673449e-01,-5.194108647934353451e-01,-1.150188887175583430e+00,1.605594616472661773e+00,-6.780245089304148820e-01,-6.809769808435814920e-01,-6.228866904272921667e-01,-7.853437568928176571e-01,-6.901364096801603232e-01,-2.142157193502640111e-01,-4.089611900133703348e-01,-3.137188788103757453e-01,-1.584271380562121412e-01,-2.541519449961930355e-01,1.733107903064028399e-01,-2.111315301682904488e-01,-3.126506939707989208e-01,-2.633795034731497009e-01,1.953772533757627272e-01,-1.410505055710147559e-01,-2.872525965032922901e+00,-7.818482589496968949e-01,7.924389688290026101e-02,-3.520838902115735612e-04,4.367126244041470012e-04,-6.869143867079149368e-01,-2.009078329738853141e-01,-9.348603315020190818e-01,1.441831249199032161e+00,-1.400328023353031082e+00,4.862202462321047469e-01,-2.973582220075389748e-01,-2.707073008769649292e-01,-7.029617017244906840e-01,-8.639039486763996356e-01,8.416155332155133006e-01,-7.029617017244906840e-01,-8.303031119229535850e-01,-6.022489369322155950e-01,1.100314420472335408e+00,4.673017054132682646e-01,-4.673017054132683201e-01,1.303325143600942981e+00,8.903932290450913278e-01,7.737281819952792628e-01
-2.723347333142675866e-02,-8.771263071594506133e-01,-1.496117975308422388e+00,1.170894931656157212e+00,-4.673017054132683201e-01,-8.148038570378682843e-01,-1.496690439693305841e+00,-8.776433586503459283e-01,-3.003011945667333205e-02,1.041685443358431939e+00,-1.402916786692369300e+00,-8.944919663297149492e-01,-2.602700037104786479e-01,-1.426233208901804383e+00,-3.879272513594375638e-01,-1.175252437179915344e+00,-7.481052186146089911e-01,-1.156343075675827503e+00,-2.280875434927565337e-01,-5.262755250995813233e-02,1.733107903064028399e-01,-2.111315301682904488e-01,-3.126506939707989208e-01,-2.633795034731497009e-01,1.953772533757627272e-01,-1.410505055710147559e-01,-2.872525965032922901e+00,-7.818482589496968949e-01,7.924389688290026101e-02,-3.520838902115735612e-04,4.367126244041470012e-04,-6.869143867079149368e-01,-2.009078329738853141e-01,-9.348603315020190818e-01,1.441831249199032161e+00,-1.400328023353031082e+00,4.862202462321047469e-01,-2.973582220075389748e-01,-2.707073008769649292e-01,-7.029617017244906840e-01,-8.639039486763996356e-01,8.416155332155133006e-01,-7.029617017244906840e-01,-8.303031119229535850e-01,-6.022489369322155950e-01,1.100314420472335408e+00,4.673017054132682646e-01,-4.673017054132683201e-01,-7.672682483797642616e-01,8.903932290450913278e-01,7.737281819952792628e-01
-4.118508078485707546e-01,-8.275268497787513500e-01,-5.120230273245244268e-01,1.170894931656157212e+00,-4.673017054132683201e-01,-8.148038570378682843e-01,-5.120969189339181771e-01,-8.274908080598935012e-01,-4.119024267536400274e-01,9.506354457732725249e-01,-7.143465710809008273e-01,-8.544859245656537539e-01,-3.764576967339811620e-01,-8.803427562360913727e-01,-4.538844979227776855e-01,-4.993517142388949615e-01,-6.914671407354723298e-01,-6.324115055421073439e-01,-8.974903412093046540e-02,-1.381805034383272734e-01,1.733107903064028399e-01,-2.111315301682904488e-01,-3.126506939707989208e-01,-2.633795034731497009e-01,1.953772533757627272e-01,-1.410505055710147559e-01,-2.872525965032922901e+00,-7.818482589496968949e-01,7.924389688290026101e-02,-3.520838902115735612e-04,4.367126244041470012e-04,-6.869143867079149368e-01,-2.009078329738853141e-01,-9.348603315020190818e-01,1.441831249199032161e+00,-1.400328023353031082e+00,4.862202462321047469e-01,-2.973582220075389748e-01,-2.707073008769649292e-01,-7.029617017244906840e-01,-8.639039486763996356e-01,8.416155332155133006e-01,-7.029617017244906840e-01,-8.303031119229535850e-01,-6.022489369322155950e-01,1.100314420472335408e+00,4.673017054132682646e-01,-4.673017054132683201e-01,-7.672682483797642616e-01,8.903932290450913278e-01,7.737281819952792628e-01
8.867397792210688356e-01,-1.121318200242233720e+00,-4.758976711064550891e-01,1.170894931656157212e+00,-4.673017054132683201e-01,-8.148038570378682843e-01,-4.759686313176520467e-01,-1.121241453747802597e+00,8.864634172876277862e-01,-4.545343976448987244e-01,-3.802030536968862284e-01,-1.059244524870559090e+00,3.060828023256423891e-01,-7.020250125804909924e-01,2.404912368047931459e-01,-6.149755297289813960e-01,-8.990619929111476338e-01,-7.967787856457674289e-01,1.388352499023662645e+00,2.582565011581333003e+00,1.733107903064028399e-01,-2.111315301682904488e-01,-3.126506939707989208e-01,-2.633795034731497009e-01,1.953772533757627272e-01,-1.410505055710147559e-01,-2.872525965032922901e+00,-7.818482589496968949e-01,7.924389688290026101e-02,-3.520838902115735612e-04,4.367126244041470012e-04,-6.869143867079149368e-01,-2.009078329738853141e-01,-9.348603315020190818e-01,1.441831249199032161e+00,-1.400328023353031082e+00,4.862202462321047469e-01,-2.973582220075389748e-01,-2.707073008769649292e-01,-7.029617017244906840e-01,-8.639039486763996356e-01,8.416155332155133006e-01,-7.029617017244906840e-01,-8.303031119229535850e-01,-6.022489369322155950e-01,1.100314420472335408e+00,4.673017054132682646e-01,-4.673017054132683201e-01,-7.672682483797642616e-01,8.903932290450913278e-01,7.737281819952792628e-01
-6.664764132740748082e-01,-2.399441428072622839e-01,-7.025141218628181417e-01,1.170894931656157212e+00,-4.673017054132683201e-01,-8.148038570378682843e-01,-7.026034709045941851e-01,-2.399895166840753935e-01,-6.664839646314431043e-01,1.230403744623359996e+00,-8.821321444740877205e-01,-4.596455422389394418e-01,-4.701267929067043938e-01,-8.570874392452672019e-01,-5.448506632627928559e-01,-5.994154458699537669e-01,-2.585869547090826059e-01,-5.433307670741087669e-01,-2.114329793824571979e-01,-2.349222815172664069e-01,1.733107903064028399e-01,-2.111315301682904488e-01,-3.126506939707989208e-01,-2.633795034731497009e-01,1.953772533757627272e-01,-1.410505055710147559e-01,-2.872525965032922901e+00,-7.818482589496968949e-01,7.924389688290026101e-02,-3.520838902115735612e-04,4.367126244041470012e-04,-6.869143867079149368e-01,-2.009078329738853141e-01,-9.348603315020190818e-01,1.441831249199032161e+00,-1.400328023353031082e+00,4.862202462321047469e-01,-2.973582220075389748e-01,-2.707073008769649292e-01,-7.029617017244906840e-01,-8.639039486763996356e-01,8.416155332155133006e-01,-7.029617017244906840e-01,-8.303031119229535850e-01,-6.022489369322155950e-01,1.100314420472335408e+00,4.673017054132682646e-01,-4.673017054132683201e-01,-7.672682483797642616e-01,8.903932290450913278e-01,7.737281819952792628e-01
-1.009506600130730014e+00,-6.330062139600770577e-01,-2.819501936456928481e-01,1.170894931656157212e+00,-4.673017054132683201e-01,-8.148038570378682843e-01,-2.848526665804490543e-01,-6.340452635528892600e-01,-1.010169041150686953e+00,1.445289577781989410e+00,-6.404748879546388052e-01,-7.459828082697641527e-01,-5.797504854690902487e-01,-7.815262381909748868e-01,-6.469278642297283666e-01,-2.236905278761513460e-01,-5.106397622837246519e-01,-3.591629886646651726e-01,-1.333132990740972801e-01,-2.386385483839835453e-01,1.733107903064028399e-01,-2.111315301682904488e-01,-3.126506939707989208e-01,-2.633795034731497009e-01,1.953772533757627272e-01,-1.410505055710147559e-01,-2.872525965032922901e+00,-7.818482589496968949e-01,7.924389688290026101e-02,-3.520838902115735612e-04,4.367126244041470012e-04,-6.869143867079149368e-01,-2.009078329738853141e-01,-9.348603315020190818e-01,1.441831249199032161e+00,-1.400328023353031082e+00,4.862202462321047469e-01,-2.973582220075389748e-01,-2.707073008769649292e-01,-7.029617017244906840e-01,-8.639039486763996356e-01,8.416155332155133006e-01,-7.029617017244906840e-01,-8.303031119229535850e-01,-6.022489369322155950e-01,1.100314420472335408e+00,4.673017054132682646e-01,-4.673017054132683201e-01,-7.672682483797642616e-01,8.903932290450913278e-01,7.737281819952792628e-01
1.345065868746803561e+00,-4.979072819372860059e-01,-7.232814915003169531e-01,1.170894931656157212e+00,-4.673017054132683201e-01,-8.148038570378682843e-01,-7.233725257138470255e-01,-4.979169154037682010e-01,1.344710185659778068e+00,-9.401668805829027642e-01,-4.821968903118805660e-01,-3.478224226561566490e-01,6.775010432289162443e-01,-5.058064842055385313e-01,6.273422939332995441e-01,-7.841365784403654393e-01,-5.624952658881535728e-01,-7.954462068474763559e-01,-1.923469950632575864e-01,-8.300895475569189386e-02,1.733107903064028399e-01,-2.111315301682904488e-01,-3.126506939707989208e-01,-2.633795034731497009e-01,1.953772533757627272e-01,-1.410505055710147559e-01,-2.872525965032922901e+00,-7.818482589496968949e-01,7.924389688290026101e-02,-3.520838902115735612e-04,4.367126244041470012e-04,-6.869143867079149368e-01,-2.009078329738853141e-01,-9.348603315020190818e-01,1.441831249199032161e+00,-1.400328023353031082e+00,4.862202462321047469e-01,-2.973582220075389748e-01,-2.707073008769649292e-01,-7.029617017244906840e-01,-8.639039486763996356e-01,8.416155332155133006e-01,-7.029617017244906840e-01,-8.303031119229535850e-01,-6.022489369322155950e-01,1.100314420472335408e+00,4.673017054132682646e-01,-4.673017054132683201e-01,-7.672682483797642616e-01,8.903932290450913278e-01,7.737281819952792628e-01
-4.627759289336716431e-01,1.684974923856221440e-01,-4.098977460793487015e-01,1.170894931656157212e+00,-4.673017054132683201e-01,-8.148038570378682843e-01,-4.099633507153634948e-01,1.683955217196005105e-01,-4.628187341370958441e-01,7.793673961531150107e-01,-6.130374886967588921e-01,-9.611805958317802545e-02,-3.831673224509378750e-01,-5.093774832036049860e-01,-4.269180572676125052e-01,-3.962233352704537248e-01,3.468790295169258547e-02,-2.814976710178872521e-01,-2.170268977155480061e-01,-2.386206510167299677e-01,1.733107903064028399e-01,-2.111315301682904488e-01,-3.126506939707989208e-01,-2.633795034731497009e-01,1.953772533757627272e-01,-1.410505055710147559e-01,-2.872525965032922901e+00,-7.818482589496968949e-01,7.924389688290026101e-02,-3.520838902115735612e-04,4.367126244041470012e-04,-6.869143867079149368e-01,-2.009078329738853141e-01,-9.348603315020190818e-01,1.441831249199032161e+00,-1.400328023353031082e+00,4.862202462321047469e-01,-2.973582220075389748e-01,-2.707073008769649292e-01,-7.029617017244906840e-01,-8.639039486763996356e-01,8.416155332155133006e-01,-7.029617017244906840e-01,-8.303031119229535850e-01,-6.022489369322155950e-01,1.100314420472335408e+00,4.673017054132682646e-01,-4.673017054132683201e-01,1.303325143600942981e+00,8.903932290450913278e-01,7.737281819952792628e-01
5.536973158200056942e-03,-4.420124100538834755e-01,-1.599842754801990286e-01,1.170894931656157212e+00,-4.673017054132683201e-01,-8.148038570378682843e-01,-1.569383958284391312e-01,-4.405997130021978014e-01,8.157111321049754366e-03,2.449141626502213398e-01,-3.011612673941290175e-01,-4.921970314753750242e-01,-1.723732005210692197e-01,-4.221114159721642833e-01,-2.095498302893608056e-01,-2.938654776457645390e-01,-4.391679939933863519e-01,-3.843473824625236457e-01,-1.600269101454430132e-01,-1.825279197038271739e-01,1.733107903064028399e-01,-2.111315301682904488e-01,-3.126506939707989208e-01,-2.633795034731497009e-01,1.953772533757627272e-01,-1.410505055710147559e-01,-2.872525965032922901e+00,-7.818482589496968949e-01,7.924389688290026101e-02,-3.520838902115735612e-04,4.367126244041470012e-04,-6.869143867079149368e-01,-2.009078329738853141e-01,-9.348603315020190818e-01,1.441831249199032161e+00,-1.400328023353031082e+00,4.862202462321047469e-01,-2.973582220075389748e-01,-2.707073008769649292e-01,-7.029617017244906840e-01,-8.639039486763996356e-01,8.416155332155133006e-01,-7.029617017244906840e-01,-8.303031119229535850e-01,-6.022489369322155950e-01,1.100314420472335408e+00,4.673017054132682646e-01,-4.673017054132683201e-01,-7.672682483797642616e-01,8.903932290450913278e-01,7.737281819952792628e-01
-7.937892158667406717e-01,-1.114152558579994512e+00,-1.489954665761263453e+00,1.170894931656157212e+00,-4.673017054132683201e-01,-8.148038570378682843e-01,-1.490107911800386598e+00,-1.114076801936684680e+00,-7.937747335703446705e-01,1.939082450401626856e+00,-1.419470353046830446e+00,-1.068363306751478614e+00,-5.290459429589460250e-01,-1.506143576072092705e+00,-6.622423976462433748e-01,-1.157397700675114383e+00,-8.903926859920581194e-01,-1.196803456338672689e+00,-2.273218419334191442e-02,3.347184851927558769e-01,1.733107903064028399e-01,-2.111315301682904488e-01,-3.126506939707989208e-01,-2.633795034731497009e-01,1.953772533757627272e-01,-1.410505055710147559e-01,-2.872525965032922901e+00,-7.818482589496968949e-01,7.924389688290026101e-02,-3.520838902115735612e-04,4.367126244041470012e-04,-6.869143867079149368e-01,-2.009078329738853141e-01,-9.348603315020190818e-01,1.441831249199032161e+00,-1.400328023353031082e+00,4.862202462321047469e-01,-2.973582220075389748e-01,-2.707073008769649292e-01,-7.029617017244906840e-01,-8.639039486763996356e-01,8.416155332155133006e-01,-7.029617017244906840e-01,-8.303031119229535850e-01,-6.022489369322155950e-01,1.100314420472335408e+00,4.673017054132682646e-01,-4.673017054132683201e-01,-7.672682483797642616e-01,8.903932290450913278e-01,7.737281819952792628e-01
1.258480531444678696e-01,-4.319661384521127911e-01,-1.136705499933417185e+00,1.170894931656157212e+00,-4.673017054132683201e-01,-8.148038570378682843e-01,-1.137967682444020801e+00,-4.334350672347667688e-01,1.227188031739563090e-01,6.059221776938203963e-01,-1.122977903312083248e+00,-5.304901605130574183e-01,-1.700938041364858933e-01,-1.069986217781319526e+00,-2.660243236047398208e-01,-9.583134182745929319e-01,-4.705064662263203634e-01,-8.902091218747468782e-01,-2.263205772967361029e-01,-1.762101140795573340e-01,1.733107903064028399e-01,-2.111315301682904488e-01,-3.126506939707989208e-01,-2.633795034731497009e-01,1.953772533757627272e-01,-1.410505055710147559e-01,-2.872525965032922901e+00,-7.818482589496968949e-01,7.924389688290026101e-02,-3.520838902115735612e-04,4.367126244041470012e-04,-6.869143867079149368e-01,-2.009078329738853141e-01,-9.348603315020190818e-01,1.441831249199032161e+00,-1.400328023353031082e+00,4.862202462321047469e-01,-2.973582220075389748e-01,-2.707073008769649292e-01,-7.029617017244906840e-01,-8.639039486763996356e-01,8.416155332155133006e-01,-7.029617017244906840e-01,-8.303031119229535850e-01,-6.022489369322155950e-01,1.100314420472335408e+00,4.673017054132682646e-01,-4.673017054132683201e-01,-7.672682483797642616e-01,8.903932290450913278e-01,7.737281819952792628e-01
-1.124802503039982193e+00,-1.071158702562034160e+00,-1.184586325730937029e+00,1.170894931656157212e+00,-4.673017054132683201e-01,-8.148038570378682843e-01,-1.184714791018680380e+00,-1.071088903157350281e+00,-1.124730733003593608e+00,2.136946635495825753e+00,-1.249426682690801149e+00,-1.043556485845945403e+00,-6.212597619035949981e-01,-1.365569224623077726e+00,-7.411258181800368661e-01,-9.293290736934991525e-01,-8.565632014531421312e-01,-1.014455265315300059e+00,2.758802773754931437e-02,-1.419753718612760951e-01,1.733107903064028399e-01,-2.111315301682904488e-01,-3.126506939707989208e-01,-2.633795034731497009e-01,1.953772533757627272e-01,-1.410505055710147559e-01,-2.872525965032922901e+00,-7.818482589496968949e-01,7.924389688290026101e-02,-3.520838902115735612e-04,4.367126244041470012e-04,-6.869143867079149368e-01,-2.009078329738853141e-01,-9.348603315020190818e-01,1.441831249199032161e+00,-1.400328023353031082e+00,4.862202462321047469e-01,-2.973582220075389748e-01,-2.707073008769649292e-01,-7.029617017244906840e-01,-8.639039486763996356e-01,8.416155332155133006e-01,-7.029617017244906840e-01,-8.303031119229535850e-01,-6.022489369322155950e-01,1.100314420472335408e+00,4.673017054132682646e-01,-4.673017054132683201e-01,-7.672682483797642616e-01,8.903932290450913278e-01,7.737281819952792628e-01
-8.065204963181452635e-01,-1.006667918535093964e+00,-5.775509317321563252e-01,1.170894931656157212e+00,-4.673017054132683201e-01,-8.148038570378682843e-01,-5.776301406145385453e-01,-1.006607054988348793e+00,-8.065038106563396925e-01,1.453296255749326082e+00,-8.280787179268706000e-01,-9.945804301336931275e-01,-5.197405534992944887e-01,-1.022067941211157294e+00,-6.091074586081418607e-01,-5.018447684503406503e-01,-8.097749460777080577e-01,-6.789447007778379728e-01,9.682561288297547586e-02,-1.007322413772748504e-01,1.733107903064028399e-01,-2.111315301682904488e-01,-3.126506939707989208e-01,-2.633795034731497009e-01,1.953772533757627272e-01,-1.410505055710147559e-01,-2.872525965032922901e+00,-7.818482589496968949e-01,7.924389688290026101e-02,-3.520838902115735612e-04,4.367126244041470012e-04,-6.869143867079149368e-01,-2.009078329738853141e-01,-9.348603315020190818e-01,1.441831249199032161e+00,-1.400328023353031082e+00,4.862202462321047469e-01,-2.973582220075389748e-01,-2.707073008769649292e-01,-7.029617017244906840e-01,-8.639039486763996356e-01,8.416155332155133006e-01,-7.029617017244906840e-01,-8.303031119229535850e-01,-6.022489369322155950e-01,1.100314420472335408e+00,4.673017054132682646e-01,-4.673017054132683201e-01,-7.672682483797642616e-01,8.903932290450913278e-01,7.737281819952792628e-01
6.066516133731006954e-01,-1.135649486588974577e+00,-1.309200954982889797e+00,1.170894931656157212e+00,-4.673017054132683201e-01,-8.148038570378682843e-01,-1.309339532145994855e+00,-1.135570751326351768e+00,6.064237257180967733e-01,2.974029338191442884e-01,-1.231101195526315140e+00,-1.076907918181288837e+00,4.247823931059103997e-02,-1.364334343282916917e+00,-8.148842468782062365e-02,-1.081779493793205704e+00,-9.074636187566694767e-01,-1.147027162864399985e+00,6.234852758759726887e-01,3.893137419862048532e+00,1.733107903064028399e-01,-2.111315301682904488e-01,-3.126506939707989208e-01,-2.633795034731497009e-01,1.953772533757627272e-01,-1.410505055710147559e-01,-2.872525965032922901e+00,-7.818482589496968949e-01,7.924389688290026101e-02,-3.520838902115735612e-04,4.367126244041470012e-04,-6.869143867079149368e-01,-2.009078329738853141e-01,-9.348603315020190818e-01,1.441831249199032161e+00,-1.400328023353031082e+00,4.862202462321047469e-01,-2.973582220075389748e-01,-2.707073008769649292e-01,-7.029617017244906840e-01,-8.639039486763996356e-01,8.416155332155133006e-01,-7.029617017244906840e-01,-8.303031119229535850e-01,-6.022489369322155950e-01,1.100314420472335408e+00,4.673017054132682646e-01,-4.673017054132683201e-01,1.303325143600942981e+00,8.903932290450913278e-01,7.737281819952792628e-01
1.434184830465600857e+00,-3.545944275366643139e-01,-6.103200912346267160e-01,1.170894931656157212e+00,-4.673017054132683201e-01,-8.148038570378682843e-01,-6.104019607613536680e-01,-3.546239154435291141e-01,1.433813724301219006e+00,-1.123381757412821758e+00,-2.925186597253391918e-01,-1.338314531231159232e-01,8.021618276163733352e-01,-2.770337079932230773e-01,7.719535218174989888e-01,-7.259380933930885682e-01,-4.856599972144501343e-01,-7.231575405841507154e-01,-1.983799920636886704e-01,-1.112828096506805753e-01,1.733107903064028399e-01,-2.111315301682904488e-01,-3.126506939707989208e-01,-2.633795034731497009e-01,1.953772533757627272e-01,-1.410505055710147559e-01,-2.872525965032922901e+00,-7.818482589496968949e-01,7.924389688290026101e-02,-3.520838902115735612e-04,4.367126244041470012e-04,-6.869143867079149368e-01,-2.009078329738853141e-01,-9.348603315020190818e-01,1.441831249199032161e+00,-1.400328023353031082e+00,4.862202462321047469e-01,-2.973582220075389748e-01,-2.707073008769649292e-01,-7.029617017244906840e-01,-8.639039486763996356e-01,8.416155332155133006e-01,-7.029617017244906840e-01,-8.303031119229535850e-01,-6.022489369322155950e-01,1.100314420472335408e+00,4.673017054132682646e-01,-4.673017054132683201e-01,1.303325143600942981e+00,8.903932290450913278e-01,7.737281819952792628e-01
-1.124802503039982193e+00,-6.268888530134287818e-01,-4.900899868425686590e-01,1.170894931656157212e+00,-4.673017054132683201e-01,-8.148038570378682843e-01,-4.901620986916486178e-01,-6.268806117417711210e-01,-1.124730733003593608e+00,1.693213012438708143e+00,-8.031107232125010986e-01,-7.557063683582873059e-01,-6.165684640859904198e-01,-9.105680181491804248e-01,-6.952117136320914437e-01,-3.776826197200880975e-01,-5.043785769744981717e-01,-4.712937628846535221e-01,-1.537222098888696153e-01,-2.488549614633156770e-01,1.733107903064028399e-01,-2.111315301682904488e-01,-3.126506939707989208e-01,-2.633795034731497009e-01,1.953772533757627272e-01,-1.410505055710147559e-01,-2.872525965032922901e+00,-7.818482589496968949e-01,7.924389688290026101e-02,-3.520838902115735612e-04,4.367126244041470012e-04,-6.869143867079149368e-01,-2.009078329738853141e-01,-9.348603315020190818e-01,1.441831249199032161e+00,-1.400328023353031082e+00,4.862202462321047469e-01,-2.973582220075389748e-01,-2.707073008769649292e-01,-7.029617017244906840e-01,-8.639039486763996356e-01,8.416155332155133006e-01,-7.029617017244906840e-01,-8.303031119229535850e-01,-6.022489369322155950e-01,1.100314420472335408e+00,4.673017054132682646e-01,-4.673017054132683201e-01,-7.672682483797642616e-01,8.903932290450913278e-01,7.737281819952792628e-01
-3.100005659185418039e-01,-1.085489985886512798e+00,-9.868334685459737576e-01,1.170894931656157212e+00,-4.673017054132683201e-01,-8.148038570378682843e-01,-9.869458887296684857e-01,-1.085418200735899452e+00,-3.100698115064662308e-01,1.133283305256076678e+00,-1.061921379285253986e+00,-1.044282746001805595e+00,-3.549052447717055414e-01,-1.221405611605761665e+00,-4.633912205828253361e-01,-8.429216515704300861e-01,-8.726506208435134138e-01,-9.562856060520044110e-01,2.188048335244718312e-01,3.991728660223936576e-01,1.733107903064028399e-01,-2.111315301682904488e-01,-3.126506939707989208e-01,-2.633795034731497009e-01,1.953772533757627272e-01,-1.410505055710147559e-01,-2.872525965032922901e+00,-7.818482589496968949e-01,7.924389688290026101e-02,-3.520838902115735612e-04,4.367126244041470012e-04,-6.869143867079149368e-01,-2.009078329738853141e-01,-9.348603315020190818e-01,1.441831249199032161e+00,-1.400328023353031082e+00,4.862202462321047469e-01,-2.973582220075389748e-01,-2.707073008769649292e-01,-7.029617017244906840e-01,-8.639039486763996356e-01,8.416155332155133006e-01,-7.029617017244906840e-01,-8.303031119229535850e-01,-6.022489369322155950e-01,1.100314420472335408e+00,4.673017054132682646e-01,-4.673017054132683201e-01,-7.672682483797642616e-01,8.903932290450913278e-01,7.737281819952792628e-01
-3.481944065522378229e-01,-9.493427761703926437e-01,-4.604762188892838060e-01,1.170894931656157212e+00,-4.673017054132683201e-01,-8.148038570378682843e-01,-4.605459293094114059e-01,-9.492898525867784487e-01,-3.482570422841890778e-01,8.742483191232784945e-01,-6.657410363891355098e-01,-9.410763893255587043e-01,-3.510637477820081065e-01,-8.763454861871607937e-01,-4.282893059992200491e-01,-4.722454550876386548e-01,-7.770827172813027373e-01,-6.445907882495570673e-01,2.439164415027019958e-02,-4.728484850759703123e-02,1.733107903064028399e-01,-2.111315301682904488e-01,-3.126506939707989208e-01,-2.633795034731497009e-01,1.953772533757627272e-01,-1.410505055710147559e-01,-2.872525965032922901e+00,-7.818482589496968949e-01,7.924389688290026101e-02,-3.520838902115735612e-04,4.367126244041470012e-04,-6.869143867079149368e-01,-2.009078329738853141e-01,-9.348603315020190818e-01,1.441831249199032161e+00,-1.400328023353031082e+00,4.862202462321047469e-01,-2.973582220075389748e-01,-2.707073008769649292e-01,-7.029617017244906840e-01,-8.639039486763996356e-01,8.416155332155133006e-01,-7.029617017244906840e-01,-8.303031119229535850e-01,-6.022489369322155950e-01,1.100314420472335408e+00,4.673017054132682646e-01,-4.673017054132683201e-01,-7.672682483797642616e-01,8.903932290450913278e-01,7.737281819952792628e-01
-1.073877381954881249e+00,-4.979072819372860059e-01,-1.115839564137518947e+00,1.170894931656157212e+00,-4.673017054132683201e-01,-8.148038570378682843e-01,-1.115962452542861083e+00,-4.979169154037682010e-01,-1.073814425620137625e+00,1.944308175331991961e+00,-1.200002122931148607e+00,-6.900411044757647216e-01,-6.054383775438226811e-01,-1.190948676658676542e+00,-7.095729152746577117e-01,-8.757928206303567942e-01,-4.305243492043320241e-01,-8.137544078999958685e-01,-2.210191525243388189e-01,-2.493993396812431707e-01,1.733107903064028399e-01,-2.111315301682904488e-01,-3.126506939707989208e-01,-2.633795034731497009e-01,1.953772533757627272e-01,-1.410505055710147559e-01,-2.872525965032922901e+00,-7.818482589496968949e-01,7.924389688290026101e-02,-3.520838902115735612e-04,4.367126244041470012e-04,-6.869143867079149368e-01,-2.009078329738853141e-01,-9.348603315020190818e-01,1.441831249199032161e+00,-1.400328023353031082e+00,4.862202462321047469e-01,-2.973582220075389748e-01,-2.707073008769649292e-01,-7.029617017244906840e-01,-8.639039486763996356e-01,8.416155332155133006e-01,-7.029617017244906840e-01,-8.303031119229535850e-01,-6.022489369322155950e-01,1.100314420472335408e+00,4.673017054132682646e-01,-4.673017054132683201e-01,-7.672682483797642616e-01,8.903932290450913278e-01,7.737281819952792628e-01
4.666075305692026776e-01,-8.203612050942499234e-01,-1.317976946182376707e+00,1.170894931656157212e+00,-4.673017054132683201e-01,-8.148038570378682843e-01,-1.318116237060088736e+00,-8.203261562487755842e-01,4.664038796932001296e-01,4.020315934816803827e-01,-1.244855320376898833e+00,-8.209275070073925873e-01,-2.404016770929841978e-02,-1.276056511331245868e+00,-1.395809673799676132e-01,-1.081542924576387454e+00,-7.240808278611633453e-01,-1.077595764477671469e+00,-2.086859353475022105e-01,-2.269476930933469333e-02,1.733107903064028399e-01,-2.111315301682904488e-01,-3.126506939707989208e-01,-2.633795034731497009e-01,1.953772533757627272e-01,-1.410505055710147559e-01,-2.872525965032922901e+00,-7.818482589496968949e-01,7.924389688290026101e-02,-3.520838902115735612e-04,4.367126244041470012e-04,-6.869143867079149368e-01,-2.009078329738853141e-01,-9.348603315020190818e-01,1.441831249199032161e+00,-1.400328023353031082e+00,4.862202462321047469e-01,-2.973582220075389748e-01,-2.707073008769649292e-01,-7.029617017244906840e-01,-8.639039486763996356e-01,8.416155332155133006e-01,-7.029617017244906840e-01,-8.303031119229535850e-01,-6.022489369322155950e-01,1.100314420472335408e+00,4.673017054132682646e-01,-4.673017054132683201e-01,-7.672682483797642616e-01,8.903932290450913278e-01,7.737281819952792628e-01
1.281409466489780380e+00,-1.020999201859572381e+00,-1.443961522977636136e+00,1.170894931656157212e+00,-4.673017054132683201e-01,-8.148038570378682843e-01,-1.444111038480640596e+00,-1.020936352566897964e+00,1.281064801190327840e+00,-3.984137087247988096e-01,-1.301628793968494735e+00,-9.616585417467843344e-01,4.631550221568610515e-01,-1.374149616643279392e+00,3.356285353361974089e-01,-1.167758557544025022e+00,-8.488552307588794754e-01,-1.188820057063296298e+00,-1.716019528204211220e-01,6.124659810947723493e-01,1.733107903064028399e-01,-2.111315301682904488e-01,-3.126506939707989208e-01,-2.633795034731497009e-01,1.953772533757627272e-01,-1.410505055710147559e-01,-2.872525965032922901e+00,-7.818482589496968949e-01,7.924389688290026101e-02,-3.520838902115735612e-04,4.367126244041470012e-04,-6.869143867079149368e-01,-2.009078329738853141e-01,-9.348603315020190818e-01,1.441831249199032161e+00,-1.400328023353031082e+00,4.862202462321047469e-01,-2.973582220075389748e-01,-2.707073008769649292e-01,-7.029617017244906840e-01,-8.639039486763996356e-01,8.416155332155133006e-01,-7.029617017244906840e-01,-8.303031119229535850e-01,-6.022489369322155950e-01,1.100314420472335408e+00,4.673017054132682646e-01,-4.673017054132683201e-01,-7.672682483797642616e-01,8.903932290450913278e-01,7.737281819952792628e-01
8.314184278543161888e-01,-6.780066314627590796e-01,-8.992030653182511157e-01,1.170894931656157212e+00,-4.673017054132683201e-01,-8.148038570378682843e-01,-8.976957281495721030e-01,-6.770331623322234371e-01,8.355471099041716920e-01,-2.392244550774427769e-01,-8.201524232728613084e-01,-6.435199029980923635e-01,2.329562647583108548e-01,-8.803636432176509263e-01,1.516597820780460071e-01,-8.547020992909639681e-01,-6.467316829539119238e-01,-8.797250258471897011e-01,-1.830611551867174502e-01,-6.150760495689989310e-02,1.733107903064028399e-01,-2.111315301682904488e-01,-3.126506939707989208e-01,-2.633795034731497009e-01,1.953772533757627272e-01,-1.410505055710147559e-01,-2.872525965032922901e+00,-7.818482589496968949e-01,7.924389688290026101e-02,-3.520838902115735612e-04,4.367126244041470012e-04,-6.869143867079149368e-01,-2.009078329738853141e-01,-9.348603315020190818e-01,1.441831249199032161e+00,-1.400328023353031082e+00,4.862202462321047469e-01,-2.973582220075389748e-01,-2.707073008769649292e-01,-7.029617017244906840e-01,-8.639039486763996356e-01,8.416155332155133006e-01,-7.029617017244906840e-01,-8.303031119229535850e-01,-6.022489369322155950e-01,1.100314420472335408e+00,4.673017054132682646e-01,-4.673017054132683201e-01,1.303325143600942981e+00,8.903932290450913278e-01,7.737281819952792628e-01
1.682711619836008143e+00,-9.569088917540383710e-01,-1.041627256750085051e+00,1.170894931656157212e+00,-4.673017054132683201e-01,-8.148038570378682843e-01,-1.040416347685633180e+00,-9.564545043978964767e-01,1.688395262179021694e+00,-1.059373917723230196e+00,-7.994924080536819355e-01,-8.592145533196827722e-01,9.058281630173031784e-01,-9.477610421408294572e-01,8.141505719766919391e-01,-9.729470771262961337e-01,-8.179584006156901399e-01,-1.032306565426686529e+00,-1.044552353456859733e-01,4.210413164551007892e-01,1.733107903064028399e-01,-2.111315301682904488e-01,-3.126506939707989208e-01,-2.633795034731497009e-01,1.953772533757627272e-01,-1.410505055710147559e-01,-2.872525965032922901e+00,-7.818482589496968949e-01,7.924389688290026101e-02,-3.520838902115735612e-04,4.367126244041470012e-04,-6.869143867079149368e-01,-2.009078329738853141e-01,-9.348603315020190818e-01,1.441831249199032161e+00,-1.400328023353031082e+00,4.862202462321047469e-01,-2.973582220075389748e-01,-2.707073008769649292e-01,-7.029617017244906840e-01,-8.639039486763996356e-01,8.416155332155133006e-01,-7.029617017244906840e-01,-8.303031119229535850e-01,-6.022489369322155950e-01,1.100314420472335408e+00,4.673017054132682646e-01,-4.673017054132683201e-01,1.303325143600942981e+00,8.903932290450913278e-01,7.737281819952792628e-01
-1.317626420006025312e-01,-1.049661774553054094e+00,-1.313314267560071968e+00,1.170894931656157212e+00,-4.673017054132683201e-01,-8.148038570378682843e-01,-1.313453178498628082e+00,-1.049594953767683192e+00,-1.318627347038469066e-01,1.101902947105032782e+00,-1.280350581323224546e+00,-1.018597575235661079e+00,-2.969773975049349590e-01,-1.379750893568070236e+00,-4.201873652269240145e-01,-1.061534941526225184e+00,-8.523186678643950298e-01,-1.111149257388371669e+00,-8.841330309937814325e-02,2.514649101947137311e-01,1.733107903064028399e-01,-2.111315301682904488e-01,-3.126506939707989208e-01,-2.633795034731497009e-01,1.953772533757627272e-01,-1.410505055710147559e-01,-2.872525965032922901e+00,-7.818482589496968949e-01,7.924389688290026101e-02,-3.520838902115735612e-04,4.367126244041470012e-04,-6.869143867079149368e-01,-2.009078329738853141e-01,-9.348603315020190818e-01,1.441831249199032161e+00,-1.400328023353031082e+00,4.862202462321047469e-01,-2.973582220075389748e-01,-2.707073008769649292e-01,-7.029617017244906840e-01,-8.639039486763996356e-01,8.416155332155133006e-01,-7.029617017244906840e-01,-8.303031119229535850e-01,-6.022489369322155950e-01,1.100314420472335408e+00,4.673017054132682646e-01,-4.673017054132683201e-01,-7.672682483797642616e-01,8.903932290450913278e-01,7.737281819952792628e-01
8.358146583761403292e-01,-4.979072819372860059e-01,-1.224620716242164509e+00,1.170894931656157212e+00,-4.673017054132683201e-01,-8.148038570378682843e-01,-1.224752433297965792e+00,-4.979169154037682010e-01,8.355471099041716920e-01,-1.121244374180266623e-01,-1.126956310900952829e+00,-4.937156421083773172e-01,2.054309218077030319e-01,-1.058846691460855860e+00,1.081270097657550805e-01,-1.038394577821392328e+00,-5.500676233793372338e-01,-9.797973177656756905e-01,-2.289644491476642563e-01,-1.180385094651014710e-01,1.733107903064028399e-01,-2.111315301682904488e-01,-3.126506939707989208e-01,-2.633795034731497009e-01,1.953772533757627272e-01,-1.410505055710147559e-01,-2.872525965032922901e+00,-7.818482589496968949e-01,7.924389688290026101e-02,-3.520838902115735612e-04,4.367126244041470012e-04,-6.869143867079149368e-01,-2.009078329738853141e-01,-9.348603315020190818e-01,1.441831249199032161e+00,-1.400328023353031082e+00,4.862202462321047469e-01,-2.973582220075389748e-01,-2.707073008769649292e-01,-7.029617017244906840e-01,-8.639039486763996356e-01,8.416155332155133006e-01,-7.029617017244906840e-01,-8.303031119229535850e-01,-6.022489369322155950e-01,1.100314420472335408e+00,4.673017054132682646e-01,-4.673017054132683201e-01,-7.672682483797642616e-01,8.903932290450913278e-01,7.737281819952792628e-01
1.192290504770983972e+00,-2.041159314738034969e-01,-8.871064614032254658e-01,1.170894931656157212e+00,-4.673017054132683201e-01,-8.148038570378682843e-01,-8.872107892219027736e-01,-2.041662697158590500e-01,1.191961263029148510e+00,-7.359358181969601898e-01,-7.097151519036835055e-01,-7.593322560777798769e-02,5.280972946097123311e-01,-5.760563766263047114e-01,4.725175803615651593e-01,-8.636731211543338116e-01,-3.956082995501359889e-01,-7.915570124344998293e-01,-2.227385988576514320e-01,-1.477807084813900218e-01,1.733107903064028399e-01,-2.111315301682904488e-01,-3.126506939707989208e-01,-2.633795034731497009e-01,1.953772533757627272e-01,-1.410505055710147559e-01,-2.872525965032922901e+00,-7.818482589496968949e-01,7.924389688290026101e-02,-3.520838902115735612e-04,4.367126244041470012e-04,-6.869143867079149368e-01,-2.009078329738853141e-01,-9.348603315020190818e-01,1.441831249199032161e+00,-1.400328023353031082e+00,4.862202462321047469e-01,-2.973582220075389748e-01,-2.707073008769649292e-01,-7.029617017244906840e-01,-8.639039486763996356e-01,8.416155332155133006e-01,-7.029617017244906840e-01,-8.303031119229535850e-01,-6.022489369322155950e-01,1.100314420472335408e+00,4.673017054132682646e-01,-4.673017054132683201e-01,-7.672682483797642616e-01,8.903932290450913278e-01,7.737281819952792628e-01
-4.627759289336716431e-01,-1.028164846544074029e+00,-6.569260641148030322e-01,1.170894931656157212e+00,-4.673017054132683201e-01,-8.148038570378682843e-01,-6.570117154911545576e-01,-1.028101004378016103e+00,-4.628187341370958441e-01,1.118419684911285295e+00,-8.377440443360983924e-01,-1.003636874864317408e+00,-4.018863683577944546e-01,-1.033011678115326237e+00,-4.929934732138284148e-01,-6.014543064956872076e-01,-8.309952811005315576e-01,-7.610197988477711561e-01,1.273456411131488608e-01,4.825457110707783576e-02,1.733107903064028399e-01,-2.111315301682904488e-01,-3.126506939707989208e-01,-2.633795034731497009e-01,1.953772533757627272e-01,-1.410505055710147559e-01,-2.872525965032922901e+00,-7.818482589496968949e-01,7.924389688290026101e-02,-3.520838902115735612e-04,4.367126244041470012e-04,-6.869143867079149368e-01,-2.009078329738853141e-01,-9.348603315020190818e-01,1.441831249199032161e+00,-1.400328023353031082e+00,4.862202462321047469e-01,-2.973582220075389748e-01,-2.707073008769649292e-01,-7.029617017244906840e-01,-8.639039486763996356e-01,8.416155332155133006e-01,-7.029617017244906840e-01,-8.303031119229535850e-01,-6.022489369322155950e-01,1.100314420472335408e+00,4.673017054132682646e-01,-4.673017054132683201e-01,-7.672682483797642616e-01,8.903932290450913278e-01,7.737281819952792628e-01
-1.162996343673678323e+00,-5.982262803199471790e-01,1.454604382637279814e-01,1.170894931656157212e+00,-4.673017054132683201e-01,-8.148038570378682843e-01,1.454398998476822968e-01,-5.982220105409860045e-01,-1.162917963781316510e+00,1.395352418254093063e+00,-3.559605324805004689e-01,-7.188540902903498564e-01,-6.244058711766957703e-01,-5.518729178246694067e-01,-6.704783675573765533e-01,1.911900260546053609e-01,-4.548486787032193224e-01,-2.962353837633516923e-02,-1.046298572508829322e-01,-2.530145693656036254e-01,1.733107903064028399e-01,-2.111315301682904488e-01,-3.126506939707989208e-01,-2.633795034731497009e-01,1.953772533757627272e-01,-1.410505055710147559e-01,-2.872525965032922901e+00,-7.818482589496968949e-01,7.924389688290026101e-02,-3.520838902115735612e-04,4.367126244041470012e-04,-6.869143867079149368e-01,-2.009078329738853141e-01,-9.348603315020190818e-01,1.441831249199032161e+00,-1.400328023353031082e+00,4.862202462321047469e-01,-2.973582220075389748e-01,-2.707073008769649292e-01,-7.029617017244906840e-01,-8.639039486763996356e-01,8.416155332155133006e-01,-7.029617017244906840e-01,-8.303031119229535850e-01,-6.022489369322155950e-01,1.100314420472335408e+00,4.673017054132682646e-01,-4.673017054132683201e-01,-7.672682483797642616e-01,8.903932290450913278e-01,7.737281819952792628e-01
-1.315771706928980933e+00,-9.851709875038514586e-01,-2.521426777053991167e-02,1.170894931656157212e+00,-4.673017054132683201e-01,-8.148038570378682843e-01,-2.524865561474049988e-02,-9.851131055986817042e-01,-1.315666886892207899e+00,1.721968464633136575e+00,-5.237981594813110320e-01,-9.853317324547709033e-01,-6.707941482441739378e-01,-7.840939955570183084e-01,-7.376265023174282121e-01,5.765028000653922569e-02,-7.762257864676747054e-01,-2.502820673250423789e-01,2.063572022043311804e-01,-2.561133376675136519e-01,1.733107903064028399e-01,-2.111315301682904488e-01,-3.126506939707989208e-01,-2.633795034731497009e-01,1.953772533757627272e-01,-1.410505055710147559e-01,-2.872525965032922901e+00,-7.818482589496968949e-01,7.924389688290026101e-02,-3.520838902115735612e-04,4.367126244041470012e-04,-6.869143867079149368e-01,-2.009078329738853141e-01,-9.348603315020190818e-01,1.441831249199032161e+00,-1.400328023353031082e+00,4.862202462321047469e-01,-2.973582220075389748e-01,-2.707073008769649292e-01,-7.029617017244906840e-01,-8.639039486763996356e-01,8.416155332155133006e-01,-7.029617017244906840e-01,-8.303031119229535850e-01,-6.022489369322155950e-01,1.100314420472335408e+00,4.673017054132682646e-01,-4.673017054132683201e-01,-7.672682483797642616e-01,8.903932290450913278e-01,7.737281819952792628e-01
6.830392951208378305e-01,-3.474287858744251056e-01,-9.149347869358060992e-01,1.170894931656157212e+00,-4.673017054132683201e-01,-8.148038570378682843e-01,-9.150413713034054597e-01,-3.474592636324111417e-01,6.827981867932801929e-01,-1.325781127967754769e-01,-8.536920454302082684e-01,-3.529367867938284498e-01,1.476733802912109927e-01,-7.939620987339225389e-01,7.475174188866209879e-02,-8.525417136832189602e-01,-4.469655373300843726e-01,-8.026759795312387036e-01,-2.170755462670173885e-01,-1.547497928194475347e-01,1.733107903064028399e-01,-2.111315301682904488e-01,-3.126506939707989208e-01,-2.633795034731497009e-01,1.953772533757627272e-01,-1.410505055710147559e-01,-2.872525965032922901e+00,-7.818482589496968949e-01,7.924389688290026101e-02,-3.520838902115735612e-04,4.367126244041470012e-04,-6.869143867079149368e-01,-2.009078329738853141e-01,-9.348603315020190818e-01,1.441831249199032161e+00,-1.400328023353031082e+00,4.862202462321047469e-01,-2.973582220075389748e-01,-2.707073008769649292e-01,-7.029617017244906840e-01,-8.639039486763996356e-01,8.416155332155133006e-01,-7.029617017244906840e-01,-8.303031119229535850e-01,-6.022489369322155950e-01,1.100314420472335408e+00,4.673017054132682646e-01,-4.673017054132683201e-01,1.303325143600942981e+00,8.903932290450913278e-01,7.737281819952792628e-01
9.503961807575741494e-01,-1.149980772935715212e+00,-1.480358093063592229e+00,1.170894931656157212e+00,-4.673017054132683201e-01,-8.148038570378682843e-01,-1.480510558801882759e+00,-1.149900048904900940e+00,9.501088017570784583e-01,9.674184468007588147e-03,-1.355337680358207120e+00,-1.088430476659453028e+00,2.255968273021819459e-01,-1.464490177575992425e+00,9.138735233784378575e-02,-1.182087182400311631e+00,-9.157995483972412032e-01,-1.224755469449665179e+00,1.248515278038955900e+00,1.439383027266653414e+01,1.733107903064028399e-01,-2.111315301682904488e-01,-3.126506939707989208e-01,-2.633795034731497009e-01,1.953772533757627272e-01,-1.410505055710147559e-01,-2.872525965032922901e+00,-7.818482589496968949e-01,7.924389688290026101e-02,-3.520838902115735612e-04,4.367126244041470012e-04,-6.869143867079149368e-01,-2.009078329738853141e-01,-9.348603315020190818e-01,1.441831249199032161e+00,-1.400328023353031082e+00,4.862202462321047469e-01,-2.973582220075389748e-01,-2.707073008769649292e-01,-7.029617017244906840e-01,-8.639039486763996356e-01,8.416155332155133006e-01,-7.029617017244906840e-01,-8.303031119229535850e-01,-6.022489369322155950e-01,1.100314420472335408e+00,4.673017054132682646e-01,-4.673017054132683201e-01,1.303325143600942981e+00,8.903932290450913278e-01,7.737281819952792628e-01
1.039515143196888314e+00,6.817849400296073503e-02,-8.559888747389087227e-01,1.170894931656157212e+00,-4.673017054132683201e-01,-8.148038570378682843e-01,-8.560906775157043347e-01,6.809042658238269319e-02,1.039212340398518952e+00,-6.307502387208935302e-01,-7.024551823620159841e-01,1.781352253577592470e-01,4.234133088209969253e-01,-4.723288934809299344e-01,3.779024247893234545e-01,-8.352670845140006683e-01,-2.282507456221655184e-01,-7.072332168744952519e-01,-2.307038085338315725e-01,-1.804925182323933452e-01,1.733107903064028399e-01,-2.111315301682904488e-01,-3.126506939707989208e-01,-2.633795034731497009e-01,1.953772533757627272e-01,-1.410505055710147559e-01,-2.872525965032922901e+00,-7.818482589496968949e-01,7.924389688290026101e-02,-3.520838902115735612e-04,4.367126244041470012e-04,-6.869143867079149368e-01,-2.009078329738853141e-01,-9.348603315020190818e-01,1.441831249199032161e+00,-1.400328023353031082e+00,4.862202462321047469e-01,-2.973582220075389748e-01,-2.707073008769649292e-01,-7.029617017244906840e-01,-8.639039486763996356e-01,8.416155332155133006e-01,-7.029617017244906840e-01,-8.303031119229535850e-01,-6.022489369322155950e-01,1.100314420472335408e+00,4.673017054132682646e-01,-4.673017054132683201e-01,-7.672682483797642616e-01,8.903932290450913278e-01,7.737281819952792628e-01
-1.252115305632647946e+00,7.274176236413675278e-01,-8.622996562521053621e-01,1.170894931656157212e+00,-4.673017054132683201e-01,-8.148038570378682843e-01,-8.624019727036472682e-01,7.272382118946336682e-01,-1.252021501942495174e+00,1.794108751934387458e+00,-1.039101793669916507e+00,9.052517071643573221e-02,-6.532068032770526056e-01,-7.655032655975728684e-01,-7.184652559461939259e-01,-6.413841795998472817e-01,5.991785549802060018e-01,-2.505953151992432182e-01,-2.425419878253421702e-01,-2.667842546225568934e-01,1.733107903064028399e-01,-2.111315301682904488e-01,-3.126506939707989208e-01,-2.633795034731497009e-01,1.953772533757627272e-01,-1.410505055710147559e-01,-2.872525965032922901e+00,-7.818482589496968949e-01,7.924389688290026101e-02,-3.520838902115735612e-04,4.367126244041470012e-04,-6.869143867079149368e-01,-2.009078329738853141e-01,-9.348603315020190818e-01,1.441831249199032161e+00,-1.400328023353031082e+00,4.862202462321047469e-01,-2.973582220075389748e-01,-2.707073008769649292e-01,-7.029617017244906840e-01,-8.639039486763996356e-01,8.416155332155133006e-01,-7.029617017244906840e-01,-8.303031119229535850e-01,-6.022489369322155950e-01,1.100314420472335408e+00,4.673017054132682646e-01,-4.673017054132683201e-01,-7.672682483797642616e-01,8.903932290450913278e-01,7.737281819952792628e-01
2.374444858063353425e-01,-8.131955634320106041e-01,-1.135441262930560358e+00,1.170894931656157212e+00,-4.673017054132683201e-01,-8.148038570378682843e-01,-1.135565741919096983e+00,-8.131615044376575563e-01,2.372804955071249333e-01,5.581828283481179431e-01,-1.117056597252077843e+00,-8.239957889988036577e-01,-1.250792832540803257e-01,-1.178792286761694452e+00,-2.311603756099998852e-01,-9.653327404419063118e-01,-7.114725999928387390e-01,-9.864302563890442466e-01,-1.842865492043568587e-01,-5.805039701487722803e-02,1.733107903064028399e-01,-2.111315301682904488e-01,-3.126506939707989208e-01,-2.633795034731497009e-01,1.953772533757627272e-01,-1.410505055710147559e-01,-2.872525965032922901e+00,-7.818482589496968949e-01,7.924389688290026101e-02,-3.520838902115735612e-04,4.367126244041470012e-04,-6.869143867079149368e-01,-2.009078329738853141e-01,-9.348603315020190818e-01,1.441831249199032161e+00,-1.400328023353031082e+00,4.862202462321047469e-01,-2.973582220075389748e-01,-2.707073008769649292e-01,-7.029617017244906840e-01,-8.639039486763996356e-01,8.416155332155133006e-01,-7.029617017244906840e-01,-8.303031119229535850e-01,-6.022489369322155950e-01,1.100314420472335408e+00,4.673017054132682646e-01,-4.673017054132683201e-01,-7.672682483797642616e-01,8.903932290450913278e-01,7.737281819952792628e-01
-3.736569672148745691e-01,-8.633550611122100538e-01,1.171531538023237173e-01,1.170894931656157212e+00,-4.673017054132683201e-01,-8.148038570378682843e-01,1.171303152162417177e-01,-8.633140550281098724e-01,-3.737151959759171249e-01,5.828364862736628016e-01,-1.811948871906293446e-01,-8.646409483280012021e-01,-3.401786052265952098e-01,-4.735533854848304469e-01,-3.809541942083100041e-01,-2.956368061517691478e-02,-7.082847067684101550e-01,-2.894685834513737732e-01,3.462898178534010163e-02,-1.162656722556651284e-01,1.733107903064028399e-01,-2.111315301682904488e-01,-3.126506939707989208e-01,-2.633795034731497009e-01,1.953772533757627272e-01,-1.410505055710147559e-01,-2.872525965032922901e+00,-7.818482589496968949e-01,7.924389688290026101e-02,-3.520838902115735612e-04,4.367126244041470012e-04,-6.869143867079149368e-01,-2.009078329738853141e-01,-9.348603315020190818e-01,1.441831249199032161e+00,-1.400328023353031082e+00,4.862202462321047469e-01,-2.973582220075389748e-01,-2.707073008769649292e-01,-7.029617017244906840e-01,-8.639039486763996356e-01,8.416155332155133006e-01,-7.029617017244906840e-01,-8.303031119229535850e-01,-6.022489369322155950e-01,1.100314420472335408e+00,4.673017054132682646e-01,-4.673017054132683201e-01,-7.672682483797642616e-01,8.903932290450913278e-01,7.737281819952792628e-01
5.048013712028986966e-01,-1.106986916917755082e+00,-1.562818209879125675e+00,1.170894931656157212e+00,-4.673017054132683201e-01,-8.148038570378682843e-01,-1.562977368442973747e+00,-1.106912150125566763e+00,5.045911104709227546e-01,5.388739556942087061e-01,-1.438280913212674372e+00,-1.055135859567665646e+00,-2.915128251615669436e-02,-1.515525088394984898e+00,-1.663710079070049863e-01,-1.221198564928022590e+00,-8.912419268071233303e-01,-1.244561036456076630e+00,-1.271560828950190070e-01,1.422386159170373032e+00,1.733107903064028399e-01,-2.111315301682904488e-01,-3.126506939707989208e-01,-2.633795034731497009e-01,1.953772533757627272e-01,-1.410505055710147559e-01,-2.872525965032922901e+00,-7.818482589496968949e-01,7.924389688290026101e-02,-3.520838902115735612e-04,4.367126244041470012e-04,-6.869143867079149368e-01,-2.009078329738853141e-01,-9.348603315020190818e-01,1.441831249199032161e+00,-1.400328023353031082e+00,4.862202462321047469e-01,-2.973582220075389748e-01,-2.707073008769649292e-01,-7.029617017244906840e-01,-8.639039486763996356e-01,8.416155332155133006e-01,-7.029617017244906840e-01,-8.303031119229535850e-01,-6.022489369322155950e-01,1.100314420472335408e+00,4.673017054132682646e-01,-4.673017054132683201e-01,-7.672682483797642616e-01,8.903932290450913278e-01,7.737281819952792628e-01
2.203652229026598075e+00,-2.846829291146330543e-01,-1.301925681892861286e+00,1.170894931656157212e+00,-4.673017054132683201e-01,-8.148038570378682843e-01,-1.301256536913855344e+00,-2.829774154634097094e-01,2.210287415020623314e+00,-1.617133326765664680e+00,-9.996635990248115000e-01,1.409734616730624057e-01,1.557580941812132913e+00,-7.156363511215492190e-01,1.482812382646915284e+00,-1.112354810610810985e+00,-5.019463485152079185e-01,-1.016614553536788090e+00,-2.418139702395683266e-01,-8.397083188531043185e-02,1.733107903064028399e-01,-2.111315301682904488e-01,-3.126506939707989208e-01,-2.633795034731497009e-01,1.953772533757627272e-01,-1.410505055710147559e-01,-2.872525965032922901e+00,-7.818482589496968949e-01,7.924389688290026101e-02,-3.520838902115735612e-04,4.367126244041470012e-04,-6.869143867079149368e-01,-2.009078329738853141e-01,-9.348603315020190818e-01,1.441831249199032161e+00,-1.400328023353031082e+00,4.862202462321047469e-01,-2.973582220075389748e-01,-2.707073008769649292e-01,-7.029617017244906840e-01,-8.639039486763996356e-01,8.416155332155133006e-01,-7.029617017244906840e-01,-8.303031119229535850e-01,-6.022489369322155950e-01,1.100314420472335408e+00,4.673017054132682646e-01,-4.673017054132683201e-01,-7.672682483797642616e-01,8.903932290450913278e-01,7.737281819952792628e-01
-2.313421749790561532e-01,-6.760862316514862913e-01,-8.106678887974759773e-01,1.170894931656157212e+00,-4.673017054132683201e-01,-8.148038570378682843e-01,-8.125557452785813206e-01,-6.770331623322234371e-01,-2.336953499510206755e-01,8.714246048405137612e-01,-9.142825961172346139e-01,-7.394779374214440759e-01,-3.132761053334405243e-01,-9.899406476047492021e-01,-4.010405713566808639e-01,-7.256082043423649486e-01,-6.010832754553355750e-01,-7.665024904939266026e-01,-1.745229259701383262e-01,-1.625182015363580146e-01,1.733107903064028399e-01,-2.111315301682904488e-01,-3.126506939707989208e-01,-2.633795034731497009e-01,1.953772533757627272e-01,-1.410505055710147559e-01,-2.872525965032922901e+00,-7.818482589496968949e-01,7.924389688290026101e-02,-3.520838902115735612e-04,4.367126244041470012e-04,-6.869143867079149368e-01,-2.009078329738853141e-01,-9.348603315020190818e-01,1.441831249199032161e+00,-1.400328023353031082e+00,4.862202462321047469e-01,-2.973582220075389748e-01,-2.707073008769649292e-01,-7.029617017244906840e-01,-8.639039486763996356e-01,8.416155332155133006e-01,-7.029617017244906840e-01,-8.303031119229535850e-01,-6.022489369322155950e-01,1.100314420472335408e+00,4.673017054132682646e-01,-4.673017054132683201e-01,1.303325143600942981e+00,8.903932290450913278e-01,7.737281819952792628e-01
-6.537451330628427648e-01,5.411109132227854834e-01,-8.265863265493463841e-01,1.170894931656157212e+00,-4.673017054132683201e-01,-8.148038570378682843e-01,-8.266857434513501524e-01,5.409573191987472329e-01,-6.537548875454481934e-01,1.145460557055688167e+00,-9.552748716046192134e-01,9.938425042103941898e-02,-4.628336391427941288e-01,-6.975056013184284254e-01,-5.231353458078840113e-01,-6.811602995366858870e-01,3.140438920153107438e-01,-3.878520952665117649e-01,-2.391660875936814645e-01,-2.505041747905359384e-01,1.733107903064028399e-01,-2.111315301682904488e-01,-3.126506939707989208e-01,-2.633795034731497009e-01,1.953772533757627272e-01,-1.410505055710147559e-01,-2.872525965032922901e+00,-7.818482589496968949e-01,7.924389688290026101e-02,-3.520838902115735612e-04,4.367126244041470012e-04,-6.869143867079149368e-01,-2.009078329738853141e-01,-9.348603315020190818e-01,1.441831249199032161e+00,-1.400328023353031082e+00,4.862202462321047469e-01,-2.973582220075389748e-01,-2.707073008769649292e-01,-7.029617017244906840e-01,-8.639039486763996356e-01,8.416155332155133006e-01,-7.029617017244906840e-01,-8.303031119229535850e-01,-6.022489369322155950e-01,1.100314420472335408e+00,4.673017054132682646e-01,-4.673017054132683201e-01,1.303325143600942981e+00,8.903932290450913278e-01,7.737281819952792628e-01
2.185330367011225405e+00,-6.555514226846482773e-01,-8.938892635358969274e-01,1.170894931656157212e+00,-4.673017054132683201e-01,-8.148038570378682843e-01,-8.939941401609076133e-01,-6.555392129425563486e-01,2.184829261328895100e+00,-1.752767066634853155e+00,-3.921302083165423835e-01,-3.487370315996905501e-01,1.657833932751998862e+00,-4.367771596688823643e-01,1.607711800391132817e+00,-9.170860790990947864e-01,-6.756258012991104289e-01,-9.370204321455636309e-01,-1.861782864980300323e-01,5.157959870271514036e-02,1.733107903064028399e-01,-2.111315301682904488e-01,-3.126506939707989208e-01,-2.633795034731497009e-01,1.953772533757627272e-01,-1.410505055710147559e-01,-2.872525965032922901e+00,-7.818482589496968949e-01,7.924389688290026101e-02,-3.520838902115735612e-04,4.367126244041470012e-04,-6.869143867079149368e-01,-2.009078329738853141e-01,-9.348603315020190818e-01,1.441831249199032161e+00,-1.400328023353031082e+00,4.862202462321047469e-01,-2.973582220075389748e-01,-2.707073008769649292e-01,-7.029617017244906840e-01,-8.639039486763996356e-01,8.416155332155133006e-01,-7.029617017244906840e-01,-8.303031119229535850e-01,-6.022489369322155950e-01,1.100314420472335408e+00,4.673017054132682646e-01,-4.673017054132683201e-01,1.303325143600942981e+00,8.903932290450913278e-01,7.737281819952792628e-01
-6.268027843012521361e-01,8.029943344493115642e-01,-3.869758387902986763e-01,1.170894931656157212e+00,-4.673017054132683201e-01,-8.148038570378682843e-01,-3.896767670995758825e-01,7.988847118747530729e-01,-6.282967338537203128e-01,8.277530862187975069e-01,-6.072816986166154063e-01,3.651544629943777598e-01,-4.407678836772331299e-01,-3.267754838721088073e-01,-4.675974732081026319e-01,-3.385432368534378456e-01,5.554841559553896913e-01,-4.193015859075640422e-02,-2.316963962001607480e-01,-2.524243277846306421e-01,1.733107903064028399e-01,-2.111315301682904488e-01,-3.126506939707989208e-01,-2.633795034731497009e-01,1.953772533757627272e-01,-1.410505055710147559e-01,-2.872525965032922901e+00,-7.818482589496968949e-01,7.924389688290026101e-02,-3.520838902115735612e-04,4.367126244041470012e-04,-6.869143867079149368e-01,-2.009078329738853141e-01,-9.348603315020190818e-01,1.441831249199032161e+00,-1.400328023353031082e+00,4.862202462321047469e-01,-2.973582220075389748e-01,-2.707073008769649292e-01,-7.029617017244906840e-01,-8.639039486763996356e-01,8.416155332155133006e-01,-7.029617017244906840e-01,-8.303031119229535850e-01,-6.022489369322155950e-01,1.100314420472335408e+00,4.673017054132682646e-01,-4.673017054132683201e-01,1.303325143600942981e+00,8.903932290450913278e-01,7.737281819952792628e-01
-2.590754448334408044e-01,1.470005643766420234e-01,-6.784574910935831094e-01,1.170894931656157212e+00,-4.673017054132683201e-01,-8.148038570378682843e-01,-6.785448896412523689e-01,1.469015723299333387e-01,-2.591535036427485283e-01,6.992623862340537899e-01,-7.947153188076748753e-01,-9.673101280114873579e-02,-3.092419391737213363e-01,-6.495692204758574118e-01,-3.661723101972171324e-01,-6.194278908341058765e-01,-2.795733107066364700e-02,-4.711117791288545464e-01,-2.261667025608445625e-01,-2.310280704761615289e-01,1.733107903064028399e-01,-2.111315301682904488e-01,-3.126506939707989208e-01,-2.633795034731497009e-01,1.953772533757627272e-01,-1.410505055710147559e-01,-2.872525965032922901e+00,-7.818482589496968949e-01,7.924389688290026101e-02,-3.520838902115735612e-04,4.367126244041470012e-04,-6.869143867079149368e-01,-2.009078329738853141e-01,-9.348603315020190818e-01,1.441831249199032161e+00,-1.400328023353031082e+00,4.862202462321047469e-01,-2.973582220075389748e-01,-2.707073008769649292e-01,-7.029617017244906840e-01,-8.639039486763996356e-01,8.416155332155133006e-01,-7.029617017244906840e-01,-8.303031119229535850e-01,-6.022489369322155950e-01,1.100314420472335408e+00,4.673017054132682646e-01,-4.673017054132683201e-01,1.303325143600942981e+00,8.903932290450913278e-01,7.737281819952792628e-01
-2.739921343412335397e-01,9.310448825392286798e-01,-4.899957117518883298e-01,1.170894931656157212e+00,-4.673017054132683201e-01,-8.148038570378682843e-01,-4.876366884077977248e-01,9.350130600238739653e-01,-2.718825807287435503e-01,4.892590041085179697e-01,-6.164078218964662570e-01,5.759511820385253555e-01,-2.974422454117193193e-01,-2.523848285889295218e-01,-3.184368725134618661e-01,-4.666943513198249516e-01,5.577015252788055655e-01,-1.363749637069577303e-01,-2.360579570019580020e-01,-2.458124092464208654e-01,1.733107903064028399e-01,-2.111315301682904488e-01,-3.126506939707989208e-01,-2.633795034731497009e-01,1.953772533757627272e-01,-1.410505055710147559e-01,-2.872525965032922901e+00,-7.818482589496968949e-01,7.924389688290026101e-02,-3.520838902115735612e-04,4.367126244041470012e-04,-6.869143867079149368e-01,-2.009078329738853141e-01,-9.348603315020190818e-01,1.441831249199032161e+00,-1.400328023353031082e+00,4.862202462321047469e-01,-2.973582220075389748e-01,-2.707073008769649292e-01,-7.029617017244906840e-01,-8.639039486763996356e-01,8.416155332155133006e-01,-7.029617017244906840e-01,-8.303031119229535850e-01,-6.022489369322155950e-01,1.100314420472335408e+00,4.673017054132682646e-01,-4.673017054132683201e-01,1.303325143600942981e+00,8.903932290450913278e-01,7.737281819952792628e-01
-1.099873588797177115e+00,3.017269557599649432e-01,-7.084875100525632741e-01,1.170894931656157212e+00,-4.673017054132683201e-01,-8.148038570378682843e-01,-7.065832352265035698e-01,3.045238698687213752e-01,-1.099272579311865838e+00,1.630702491181625691e+00,-9.290158760407912775e-01,-1.502667830030838814e-01,-6.085552284275330681e-01,-7.737056174150354071e-01,-6.748407363506545575e-01,-5.412233684237507392e-01,2.260506370374482654e-01,-3.170381054516932529e-01,-2.311793784068773838e-01,-2.612475714227803225e-01,1.733107903064028399e-01,-2.111315301682904488e-01,-3.126506939707989208e-01,-2.633795034731497009e-01,1.953772533757627272e-01,-1.410505055710147559e-01,-2.872525965032922901e+00,-7.818482589496968949e-01,7.924389688290026101e-02,-3.520838902115735612e-04,4.367126244041470012e-04,-6.869143867079149368e-01,-2.009078329738853141e-01,-9.348603315020190818e-01,1.441831249199032161e+00,-1.400328023353031082e+00,4.862202462321047469e-01,-2.973582220075389748e-01,-2.707073008769649292e-01,-7.029617017244906840e-01,-8.639039486763996356e-01,8.416155332155133006e-01,-7.029617017244906840e-01,-8.303031119229535850e-01,-6.022489369322155950e-01,1.100314420472335408e+00,4.673017054132682646e-01,-4.673017054132683201e-01,1.303325143600942981e+00,8.903932290450913278e-01,7.737281819952792628e-01
